GeneId,Prediction
1,0.491164833
2,0.488683581
3,0.974499404
4,0.118194766
5,0.121519059
6,0.793728769
7,0.072029039
8,0.044673849
9,0.901919782
10,0.048871011
11,0.713905871
12,0.879235446
13,0.081962422
14,0.690569222
15,0.918643117
16,0.996568561
17,0.525952518
18,0.803885281
19,0.963380218
20,0.432035029
21,0.54860872
22,0.118324392
23,0.923821449
24,0.081150286
25,0.135194823
26,0.980598927
27,0.025818327
28,0.461985171
29,0.255391866
30,0.995904982
31,0.737725258
32,0.060231615
33,0.118934885
34,0.901733339
35,0.535435557
36,0.197552457
37,0.103730716
38,0.144332066
39,0.393830478
40,0.030823631
41,0.66653502
42,0.30079329
43,0.937579513
44,0.685001791
45,0.994729638
46,0.938518345
47,0.724490345
48,0.788573444
49,0.947972298
50,0.20596768
51,0.930882752
52,0.475943089
53,0.806020439
54,0.953422904
55,0.979110479
56,0.982418954
57,0.059159271
58,0.597997546
59,0.853040516
60,0.824885726
61,0.477562368
62,0.165773571
63,0.493329674
64,0.845113933
65,0.085700385
66,0.576002061
67,0.856330216
68,0.143657088
69,0.763128698
70,0.893635929
71,0.027878791
72,0.243274093
73,0.026857402
74,0.620020926
75,0.189438179
76,0.109666288
77,0.217287689
78,0.918697596
79,0.68896395
80,0.869168341
81,0.976857424
82,0.126287341
83,0.844578624
84,0.987098455
85,0.891563177
86,0.94474721
87,0.950764894
88,0.03417569
89,0.983396888
90,0.033663757
91,0.743905187
92,0.278339803
93,0.120977491
94,0.537565529
95,0.947249055
96,0.936593831
97,0.559572637
98,0.934580266
99,0.511886299
100,0.508953869
101,0.911765814
102,0.865480721
103,0.93750298
104,0.779664755
105,0.251380593
106,0.871830881
107,0.855802596
108,0.827705562
109,0.862138033
110,0.693720818
111,0.050028797
112,0.784160733
113,0.954997063
114,0.727005363
115,0.832885861
116,0.104999743
117,0.740307093
118,0.893587828
119,0.05290997
120,0.810514152
121,0.05325992
122,0.919894814
123,0.051915526
124,0.912691534
125,0.726471841
126,0.774882853
127,0.545639694
128,0.030432064
129,0.940682888
130,0.743659437
131,0.077007085
132,0.091138348
133,0.988026261
134,0.059886578
135,0.064000301
136,0.428348362
137,0.823150277
138,0.883864582
139,0.454834372
140,0.056369055
141,0.826326013
142,0.918147862
143,0.274196088
144,0.154523984
145,0.906259596
146,0.630940259
147,0.682449281
148,0.828957796
149,0.756539345
150,0.656624019
151,0.888819575
152,0.078694634
153,0.713506699
154,0.657156348
155,0.11111328
156,0.780073345
157,0.952999651
158,0.962644219
159,0.811103821
160,0.967407763
161,0.149008915
162,0.909555197
163,0.972362459
164,0.113361582
165,0.8780514
166,0.065161265
167,0.994264007
168,0.684621692
169,0.310383499
170,0.689805746
171,0.120612592
172,0.102808319
173,0.366620541
174,0.96137476
175,0.832783639
176,0.707732201
177,0.870353341
178,0.685880065
179,0.127655923
180,0.082003437
181,0.244643062
182,0.084099725
183,0.688028514
184,0.837406218
185,0.755959988
186,0.873614192
187,0.872198701
188,0.972256601
189,0.921135783
190,0.977220953
191,0.52838701
192,0.848509192
193,0.210383862
194,0.130436778
195,0.734787345
196,0.676472425
197,0.456846923
198,0.879000783
199,0.390693486
200,0.963589668
201,0.940757155
202,0.050428454
203,0.133880198
204,0.053704593
205,0.140609041
206,0.90658468
207,0.916645885
208,0.990769267
209,0.268017977
210,0.912065208
211,0.037637245
212,0.081506975
213,0.980005801
214,0.958466113
215,0.776750565
216,0.201586366
217,0.215664521
218,0.448119909
219,0.251683921
220,0.228595704
221,0.754890978
222,0.929984808
223,0.872271597
224,0.537511945
225,0.092497677
226,0.734112084
227,0.417846859
228,0.103661887
229,0.039295185
230,0.073755436
231,0.681375682
232,0.046946853
233,0.932030857
234,0.049864255
235,0.854525745
236,0.241886392
237,0.096189275
238,0.854677141
239,0.440775901
240,0.096818402
241,0.038282946
242,0.869611263
243,0.799144626
244,0.89485532
245,0.792812586
246,0.906147599
247,0.835313559
248,0.990392268
249,0.645638645
250,0.96965003
251,0.776498556
252,0.117401615
253,0.127231464
254,0.099564008
255,0.756773353
256,0.092575356
257,0.908646822
258,0.410909742
259,0.808513045
260,0.918963432
261,0.079294704
262,0.774606705
263,0.954484999
264,0.761593521
265,0.462477952
266,0.973355889
267,0.793416142
268,0.090616278
269,0.906920612
270,0.092513733
271,0.879122019
272,0.092554569
273,0.743804932
274,0.90282917
275,0.042884097
276,0.987442732
277,0.235244378
278,0.982521474
279,0.805234849
280,0.047447916
281,0.843084574
282,0.388510913
283,0.0554763
284,0.46392262
285,0.992590606
286,0.949732482
287,0.430916548
288,0.119174689
289,0.033802167
290,0.013650568
291,0.000943618
292,0.902756751
293,0.041109033
294,0.057081174
295,0.147100493
296,0.924258351
297,0.913914263
298,0.543450356
299,0.985982656
300,0.673302293
301,0.07834772
302,0.913720727
303,0.610496998
304,0.529183745
305,0.447857499
306,0.084211007
307,0.958590388
308,0.861904025
309,0.652766764
310,0.237043977
311,0.917938888
312,0.796534479
313,0.785752654
314,0.092628285
315,0.087797202
316,0.653413653
317,0.962145805
318,0.938485444
319,0.899865866
320,0.115452819
321,0.822204828
322,0.877235651
323,0.501271844
324,0.667638481
325,0.709216893
326,0.910277486
327,0.077444479
328,0.931398332
329,0.698500514
330,0.92998451
331,0.920015574
332,0.879374146
333,0.05878244
334,0.088762462
335,0.120147042
336,0.900338054
337,0.956770062
338,0.945213556
339,0.581136823
340,0.663812578
341,0.994699717
342,0.328356951
343,0.197820008
344,0.059878659
345,0.9823699
346,0.904513597
347,0.8649804
348,0.025835063
349,0.195059806
350,0.77421385
351,0.085571051
352,0.676487386
353,0.590302765
354,0.955928862
355,0.320710391
356,0.148829579
357,0.548964977
358,0.878804684
359,0.870046258
360,0.967253566
361,0.515859187
362,0.923036635
363,0.057222754
364,0.485136777
365,0.070848025
366,0.948089123
367,0.990059495
368,0.105537832
369,0.175901592
370,0.494748384
371,0.862142861
372,0.085237995
373,0.08827655
374,0.852371335
375,0.492364287
376,0.487098038
377,0.998549044
378,0.360850811
379,0.057600033
380,0.056153193
381,0.91655618
382,0.266011864
383,0.12564306
384,0.082888931
385,0.869654834
386,0.120113172
387,0.879895568
388,0.881772399
389,0.746047258
390,0.685383499
391,0.910388112
392,0.844171226
393,0.832299948
394,0.090349317
395,0.171609074
396,0.997384012
397,0.739738882
398,0.628397942
399,0.954818487
400,0.979281545
401,0.832761765
402,0.810699701
403,0.881531537
404,0.342114896
405,0.453584015
406,0.971140623
407,0.966110051
408,0.469675303
409,0.971417248
410,0.948015809
411,0.387749135
412,0.838047802
413,0.055587616
414,0.066417821
415,0.627604842
416,0.896263421
417,0.53666532
418,0.060785923
419,0.978096008
420,0.566746891
421,0.12471737
422,0.092376389
423,0.826218188
424,0.7061373
425,0.24350442
426,0.124412321
427,0.102912471
428,0.848497927
429,0.135010108
430,0.774602234
431,0.607307315
432,0.991127014
433,0.91372633
434,0.982652545
435,0.309690535
436,0.823328257
437,0.77124089
438,0.678700864
439,0.982867241
440,0.065164402
441,0.136388361
442,0.904277921
443,0.939162135
444,0.974085391
445,0.786606252
446,0.104519092
447,0.957108915
448,0.984077156
449,0.712770283
450,0.719643056
451,0.080678903
452,0.440817177
453,0.871899068
454,0.067084633
455,0.918724775
456,0.683825552
457,0.991884351
458,0.874593258
459,0.908704817
460,0.666329265
461,0.303865045
462,0.110382624
463,0.050464567
464,0.857452095
465,0.742695451
466,0.762685418
467,0.590778708
468,0.194673255
469,0.820907652
470,0.96014905
471,0.86459291
472,0.593263566
473,0.890186429
474,0.051237568
475,0.350113899
476,0.960274339
477,0.05546508
478,0.102687165
479,0.083322912
480,0.307590038
481,0.085861258
482,0.905627012
483,0.067134604
484,0.932575285
485,0.266736269
486,0.619662642
487,0.512289703
488,0.208727434
489,0.835632622
490,0.82195437
491,0.254321694
492,0.281872302
493,0.949805975
494,0.906313539
495,0.854977787
496,0.264299661
497,0.83067745
498,0.107463844
499,0.670295715
500,0.920160949
501,0.811422467
502,0.1316019
503,0.572538972
504,0.099952973
505,0.934423923
506,0.239232883
507,0.153997481
508,0.860214651
509,0.909351408
510,0.063822746
511,0.802717507
512,0.225825608
513,0.700907469
514,0.075922519
515,0.034335803
516,0.916933477
517,0.958898664
518,0.48888886
519,0.890603781
520,0.165479794
521,0.624558091
522,0.120405547
523,0.974795461
524,0.972792447
525,0.933243036
526,0.752603173
527,0.316188633
528,0.956296206
529,0.585364223
530,0.09436623
531,0.72573781
532,0.728854239
533,0.726895928
534,0.107454896
535,0.900497675
536,0.801753283
537,0.921613932
538,0.141496733
539,0.877708435
540,0.599463582
541,0.035542779
542,0.723717511
543,0.066873565
544,0.633758843
545,0.084637344
546,0.928295672
547,0.946318686
548,0.305538803
549,0.938576281
550,0.224916428
551,0.828733623
552,0.066968605
553,0.057401054
554,0.801399648
555,0.566772223
556,0.80998075
557,0.282781363
558,0.064321116
559,0.892741024
560,0.974464238
561,0.926336408
562,0.889176309
563,0.592607856
564,0.382678449
565,0.539402723
566,0.964882314
567,0.830869675
568,0.956490874
569,0.95932436
570,0.137146443
571,0.625056684
572,0.545456827
573,0.05622058
574,0.143186048
575,0.123968132
576,0.771469712
577,0.961577892
578,0.946481645
579,0.698502481
580,0.578374684
581,0.05355015
582,0.80488205
583,0.871829927
584,0.568297744
585,0.105212465
586,0.11162629
587,0.192869857
588,0.802258909
589,0.985254109
590,0.80814606
591,0.053220164
592,0.748134136
593,0.437075913
594,0.870512962
595,0.054975603
596,0.233916715
597,0.716361105
598,0.833217144
599,0.93306005
600,0.799333751
601,0.968189061
602,0.966257691
603,0.712119341
604,0.274238497
605,0.960726321
606,0.698964238
607,0.951873422
608,0.052016094
609,0.491576344
610,0.968063891
611,0.972518444
612,0.068604372
613,0.986611843
614,0.812451422
615,0.050923649
616,0.025971575
617,0.034523174
618,0.017125908
619,0.064446643
620,0.91692096
621,0.135207221
622,0.948290884
623,0.71306628
624,0.13851729
625,0.07480482
626,0.058143813
627,0.994098127
628,0.718789339
629,0.793376625
630,0.038788378
631,0.885879517
632,0.592568755
633,0.750914514
634,0.05780296
635,0.52525723
636,0.996281028
637,0.622790039
638,0.093519218
639,0.105954163
640,0.903623641
641,0.963275433
642,0.792445123
643,0.103123486
644,0.528118253
645,0.910620749
646,0.751556933
647,0.034358751
648,0.046416499
649,0.090654284
650,0.901045859
651,0.92455107
652,0.257782459
653,0.97669059
654,0.076146163
655,0.813607514
656,0.040923744
657,0.868280828
658,0.956454098
659,0.576289058
660,0.903673708
661,0.583735466
662,0.899723589
663,0.89290446
664,0.159635276
665,0.826431572
666,0.766569078
667,0.423902273
668,0.087724976
669,0.718218744
670,0.239142463
671,0.851444542
672,0.371916473
673,0.859415352
674,0.790267646
675,0.79590404
676,0.761000752
677,0.853481948
678,0.68886292
679,0.824233115
680,0.974543989
681,0.058885492
682,0.264937848
683,0.900441349
684,0.837028205
685,0.942030966
686,0.236244753
687,0.637727261
688,0.921947062
689,0.928462923
690,0.764309287
691,0.39318946
692,0.688001573
693,0.90468514
694,0.024105098
695,0.98415029
696,0.816652119
697,0.764326394
698,0.826769114
699,0.878880799
700,0.984163761
701,0.072899498
702,0.805011153
703,0.683118701
704,0.669365406
705,0.832085133
706,0.094304755
707,0.020266503
708,0.89615649
709,0.414466739
710,0.343497247
711,0.107095562
712,0.093829609
713,0.138739541
714,0.05627533
715,0.957499266
716,0.86339885
717,0.881308615
718,0.237916842
719,0.770446241
720,0.994112551
721,0.511769891
722,0.977786124
723,0.096903451
724,0.213505536
725,0.745647192
726,0.967269957
727,0.943930447
728,0.263580471
729,0.541382849
730,0.990742207
731,0.943702936
732,0.796607137
733,0.629012287
734,0.074054316
735,0.603209853
736,0.528816104
737,0.82403636
738,0.400243074
739,0.074909404
740,0.989969254
741,0.234224752
742,0.820384502
743,0.217294052
744,0.070610993
745,0.126663357
746,0.769979656
747,0.793029726
748,0.373627692
749,0.19446215
750,0.944816768
751,0.121219128
752,0.185629532
753,0.525058627
754,0.993628502
755,0.722998381
756,0.933164001
757,0.892097592
758,0.872337937
759,0.969628334
760,0.794690728
761,0.902561247
762,0.964791596
763,0.039523534
764,0.895885527
765,0.064882912
766,0.85555768
767,0.974136949
768,0.648833692
769,0.693036556
770,0.668563485
771,0.082299814
772,0.735049307
773,0.119384542
774,0.768692017
775,0.147838712
776,0.909286261
777,0.603491783
778,0.118631914
779,0.040469151
780,0.863722801
781,0.034674197
782,0.054523174
783,0.600281715
784,0.925567925
785,0.864117622
786,0.618896365
787,0.182045579
788,0.230712801
789,0.020201117
790,0.093905129
791,0.761932671
792,0.075772651
793,0.800325274
794,0.867017567
795,0.018533159
796,0.062027231
797,0.934514105
798,0.675284505
799,0.900787711
800,0.795789778
801,0.159152925
802,0.877047002
803,0.8098557
804,0.675030947
805,0.864453077
806,0.979821026
807,0.621077597
808,0.965960324
809,0.882171392
810,0.847155035
811,0.924996555
812,0.868762136
813,0.825730324
814,0.91979152
815,0.63518697
816,0.934948981
817,0.751728594
818,0.962848008
819,0.362017572
820,0.855170071
821,0.512548625
822,0.060223032
823,0.775037944
824,0.128755867
825,0.979565978
826,0.916981936
827,0.388176858
828,0.981270015
829,0.792929232
830,0.655835807
831,0.715597987
832,0.708377302
833,0.823643565
834,0.236861736
835,0.766061068
836,0.967757642
837,0.98971647
838,0.117119439
839,0.895465851
840,0.183740199
841,0.914218783
842,0.945093036
843,0.725438595
844,0.144836664
845,0.545458853
846,0.035364535
847,0.047225226
848,0.066894189
849,0.834439933
850,0.441713989
851,0.992111683
852,0.106340118
853,0.290563524
854,0.243162259
855,0.617846191
856,0.778732479
857,0.901859522
858,0.155211672
859,0.05256414
860,0.102691382
861,0.822276592
862,0.87267071
863,0.958618879
864,0.957817614
865,0.566903174
866,0.897839308
867,0.477395028
868,0.093875468
869,0.096793137
870,0.053296212
871,0.059780274
872,0.895476222
873,0.957500517
874,0.537615299
875,0.165438652
876,0.359189183
877,0.805783033
878,0.935884595
879,0.965474963
880,0.602369547
881,0.074381165
882,0.7787112
883,0.744172812
884,0.803119183
885,0.047135305
886,0.873263955
887,0.074120887
888,0.900075257
889,0.689653099
890,0.283573747
891,0.459239304
892,0.199518844
893,0.092195839
894,0.128401905
895,0.519546151
896,0.985012531
897,0.83339566
898,0.779781461
899,0.802874029
900,0.709411561
901,0.91783917
902,0.649562776
903,0.834667206
904,0.206213206
905,0.76953119
906,0.963240147
907,0.154351726
908,0.857348442
909,0.044202778
910,0.944390595
911,0.950534284
912,0.046411075
913,0.120826803
914,0.095738947
915,0.299291581
916,0.96881485
917,0.069600701
918,0.462920576
919,0.098127671
920,0.085966595
921,0.043862522
922,0.873318076
923,0.576544285
924,0.761515558
925,0.055779025
926,0.020989869
927,0.930414796
928,0.621767581
929,0.968804657
930,0.936600745
931,0.920788229
932,0.459163815
933,0.959017932
934,0.732951403
935,0.862898469
936,0.655751109
937,0.596320152
938,0.847410858
939,0.957807302
940,0.833803594
941,0.5434677
942,0.92268163
943,0.142110139
944,0.874628365
945,0.165401891
946,0.724413097
947,0.703613877
948,0.976785243
949,0.708440185
950,0.205189601
951,0.041896269
952,0.884786904
953,0.150811911
954,0.383149445
955,0.891998708
956,0.899249017
957,0.182274729
958,0.447282493
959,0.959740639
960,0.87826556
961,0.835505545
962,0.812735498
963,0.972938001
964,0.117220059
965,0.074236386
966,0.122738063
967,0.041776344
968,0.066639684
969,0.742147446
970,0.738382041
971,0.046699647
972,0.082591094
973,0.298648268
974,0.892264426
975,0.09771578
976,0.157669842
977,0.123737022
978,0.752157331
979,0.063499488
980,0.161697537
981,0.592473984
982,0.060475398
983,0.039427765
984,0.080508739
985,0.536474884
986,0.04912493
987,0.983504593
988,0.964674175
989,0.797165751
990,0.663482964
991,0.701631069
992,0.751520932
993,0.841959298
994,0.944530308
995,0.140802696
996,0.693355501
997,0.087847359
998,0.822569907
999,0.821098745
1000,0.961503923
1001,0.166175857
1002,0.297680497
1003,0.087833829
1004,0.023100615
1005,0.065156527
1006,0.136144072
1007,0.647222042
1008,0.329854667
1009,0.81805557
1010,0.918408155
1011,0.946874857
1012,0.294537604
1013,0.698399067
1014,0.05126372
1015,0.922429323
1016,0.105565563
1017,0.14053762
1018,0.065101303
1019,0.188616186
1020,0.766357481
1021,0.932174146
1022,0.984040022
1023,0.80946666
1024,0.854314387
1025,0.941870987
1026,0.997638226
1027,0.046241466
1028,0.117131419
1029,0.792945206
1030,0.565703094
1031,0.083120815
1032,0.075248972
1033,0.879940033
1034,0.712612212
1035,0.582991302
1036,0.061264463
1037,0.789397836
1038,0.505521953
1039,0.905946493
1040,0.942327559
1041,0.027647104
1042,0.767673314
1043,0.447643846
1044,0.929485261
1045,0.969431162
1046,0.475673139
1047,0.921436369
1048,0.764218211
1049,0.100116745
1050,0.49682346
1051,0.047346897
1052,0.824445128
1053,0.841300905
1054,0.101492219
1055,0.26105687
1056,0.659205556
1057,0.836183786
1058,0.073656797
1059,0.116737463
1060,0.24526
1061,0.043769166
1062,0.83652252
1063,0.748611212
1064,0.954724371
1065,0.212081432
1066,0.520147622
1067,0.17271778
1068,0.348228246
1069,0.738572001
1070,0.136742875
1071,0.739062846
1072,0.0487944
1073,0.936398506
1074,0.844773948
1075,0.82404685
1076,0.932207882
1077,0.076973543
1078,0.940557182
1079,0.28924337
1080,0.259567767
1081,0.059203371
1082,0.698380351
1083,0.904117107
1084,0.780986607
1085,0.201345503
1086,0.133186668
1087,0.060151126
1088,0.121504925
1089,0.346391022
1090,0.241689041
1091,0.731939316
1092,0.345012128
1093,0.595529258
1094,0.924485326
1095,0.134294406
1096,0.782270074
1097,0.974960387
1098,0.656854987
1099,0.013856688
1100,0.224846631
1101,0.318699569
1102,0.329896063
1103,0.042611491
1104,0.740510881
1105,0.660054028
1106,0.843114257
1107,0.921803713
1108,0.117051557
1109,0.800832629
1110,0.659789562
1111,0.920447946
1112,0.94753468
1113,0.577348173
1114,0.435652375
1115,0.875493348
1116,0.754541278
1117,0.278261214
1118,0.14873533
1119,0.809008241
1120,0.495703518
1121,0.068788603
1122,0.02914492
1123,0.076934487
1124,0.122780524
1125,0.69907552
1126,0.929609299
1127,0.474868715
1128,0.700381458
1129,0.952761531
1130,0.970477939
1131,0.882651567
1132,0.94127363
1133,0.571903586
1134,0.870774031
1135,0.068053149
1136,0.850744784
1137,0.119572103
1138,0.772606194
1139,0.097521842
1140,0.69158566
1141,0.666871965
1142,0.915166676
1143,0.835959196
1144,0.058689512
1145,0.899795651
1146,0.498096257
1147,0.387200683
1148,0.923281848
1149,0.543177485
1150,0.152370885
1151,0.415062189
1152,0.455165595
1153,0.859398365
1154,0.746369898
1155,0.979442179
1156,0.856994987
1157,0.949719906
1158,0.061288103
1159,0.459185869
1160,0.733409166
1161,0.142752409
1162,0.834830225
1163,0.06424012
1164,0.996521056
1165,0.916252315
1166,0.070630394
1167,0.977453589
1168,0.819527209
1169,0.130783722
1170,0.97366184
1171,0.741068006
1172,0.814030707
1173,0.944137573
1174,0.057756025
1175,0.153009042
1176,0.695404768
1177,0.004648162
1178,0.311033934
1179,0.810904801
1180,0.540995657
1181,0.554874182
1182,0.656331778
1183,0.157268211
1184,0.052776512
1185,0.872396767
1186,0.077722184
1187,0.127248228
1188,0.956325769
1189,0.853137374
1190,0.944327414
1191,0.905267656
1192,0.969905674
1193,0.058367614
1194,0.469566464
1195,0.703573644
1196,0.918411136
1197,0.256054699
1198,0.107101075
1199,0.209051281
1200,0.8869856
1201,0.141216993
1202,0.115336686
1203,0.438703537
1204,0.234010398
1205,0.713943839
1206,0.761938453
1207,0.779067099
1208,0.805789351
1209,0.309385568
1210,0.130411595
1211,0.688061893
1212,0.997916758
1213,0.041683767
1214,0.171482727
1215,0.893139482
1216,0.837848008
1217,0.142452478
1218,0.886827528
1219,0.809784532
1220,0.671643317
1221,0.13248837
1222,0.201352
1223,0.07125809
1224,0.75197649
1225,0.108931392
1226,0.948601902
1227,0.993111551
1228,0.946188629
1229,0.656488419
1230,0.607686341
1231,0.146162242
1232,0.748811781
1233,0.151665092
1234,0.087064147
1235,0.950802445
1236,0.866428137
1237,0.705761552
1238,0.185437664
1239,0.749288678
1240,0.67914623
1241,0.191076279
1242,0.126676336
1243,0.686555624
1244,0.720667899
1245,0.882540822
1246,0.965482056
1247,0.782507598
1248,0.466408968
1249,0.187811583
1250,0.671157658
1251,0.084381685
1252,0.780603707
1253,0.161861837
1254,0.654451668
1255,0.051176753
1256,0.063987076
1257,0.717254102
1258,0.145631373
1259,0.924832523
1260,0.682019711
1261,0.056501675
1262,0.67924583
1263,0.989050865
1264,0.490777701
1265,0.169939235
1266,0.892398238
1267,0.946454525
1268,0.861698627
1269,0.787109196
1270,0.611496568
1271,0.068143994
1272,0.057318933
1273,0.871981263
1274,0.757377446
1275,0.940317273
1276,0.903062522
1277,0.603963852
1278,0.075757191
1279,0.958665729
1280,0.56698519
1281,0.253712863
1282,0.988358438
1283,0.598734915
1284,0.872980416
1285,0.095146224
1286,0.98389256
1287,0.911758542
1288,0.485890806
1289,0.883820474
1290,0.964215398
1291,0.289575368
1292,0.92542398
1293,0.87352556
1294,0.473719895
1295,0.743097305
1296,0.918012619
1297,0.091605574
1298,0.396609485
1299,0.918807149
1300,0.720316589
1301,0.975803018
1302,0.978446424
1303,0.998073101
1304,0.939293981
1305,0.125298098
1306,0.168058574
1307,0.749517322
1308,0.964727998
1309,0.760343671
1310,0.862196505
1311,0.789795458
1312,0.780666649
1313,0.120464392
1314,0.485684276
1315,0.041418936
1316,0.082829505
1317,0.17231217
1318,0.593484342
1319,0.240720496
1320,0.726646006
1321,0.099771701
1322,0.096587561
1323,0.222790226
1324,0.51810354
1325,0.112065524
1326,0.99822408
1327,0.773153663
1328,0.128614515
1329,0.613345325
1330,0.773478031
1331,0.807513595
1332,0.751724541
1333,0.828353465
1334,0.286893904
1335,0.247662306
1336,0.781489134
1337,0.636958241
1338,0.378358185
1339,0.658077657
1340,0.94813925
1341,0.608742476
1342,0.15768078
1343,0.401456714
1344,0.07885655
1345,0.570803046
1346,0.043166324
1347,0.124640405
1348,0.157481715
1349,0.817400336
1350,0.089903548
1351,0.828439295
1352,0.178635061
1353,0.184334382
1354,0.039970785
1355,0.083744906
1356,0.468508631
1357,0.170621753
1358,0.140983388
1359,0.064353809
1360,0.747970223
1361,0.056978423
1362,0.290620178
1363,0.169822633
1364,0.743969738
1365,0.030466059
1366,0.067623109
1367,0.810887754
1368,0.332861841
1369,0.714205801
1370,0.070053868
1371,0.047012568
1372,0.967244983
1373,0.975279093
1374,0.113652155
1375,0.081640154
1376,0.056711219
1377,0.135206133
1378,0.104032561
1379,0.785501897
1380,0.960799038
1381,0.939637363
1382,0.832987607
1383,0.871627867
1384,0.354494631
1385,0.771111131
1386,0.288801461
1387,0.091183744
1388,0.134941056
1389,0.137997851
1390,0.926709592
1391,0.388550162
1392,0.045551185
1393,0.915382445
1394,0.794286609
1395,0.660045564
1396,0.866361082
1397,0.980725408
1398,0.999258995
1399,0.721043289
1400,0.039403353
1401,0.800763607
1402,0.712687075
1403,0.052992683
1404,0.045474585
1405,0.160695016
1406,0.757159114
1407,0.850132585
1408,0.094267212
1409,0.043904457
1410,0.893283546
1411,0.870297432
1412,0.193969712
1413,0.890234947
1414,0.922568858
1415,0.955050647
1416,0.998481452
1417,0.966798842
1418,0.040906191
1419,0.866203487
1420,0.385586202
1421,0.078714244
1422,0.114403158
1423,0.052516833
1424,0.99090308
1425,0.035879806
1426,0.050907172
1427,0.067602217
1428,0.827071548
1429,0.193230644
1430,0.098688446
1431,0.715909779
1432,0.383303851
1433,0.085011177
1434,0.817820728
1435,0.835476756
1436,0.947660506
1437,0.993665695
1438,0.774765074
1439,0.991817117
1440,0.092507727
1441,0.20264858
1442,0.120533533
1443,0.065894581
1444,0.097498432
1445,0.057448518
1446,0.691150963
1447,0.968984425
1448,0.916625917
1449,0.36865738
1450,0.977373958
1451,0.175846517
1452,0.862333417
1453,0.940423667
1454,0.051042024
1455,0.051413789
1456,0.141773358
1457,0.803174376
1458,0.748281479
1459,0.891818941
1460,0.876895189
1461,0.26314798
1462,0.269140065
1463,0.601893961
1464,0.931110203
1465,0.176227108
1466,0.207103372
1467,0.932857394
1468,0.144057915
1469,0.887520194
1470,0.062569298
1471,0.061370183
1472,0.971101046
1473,0.830752432
1474,0.100867897
1475,0.881879687
1476,0.871549249
1477,0.114079058
1478,0.107075997
1479,0.090510987
1480,0.179774597
1481,0.92781198
1482,0.117286295
1483,0.170916989
1484,0.932049274
1485,0.325072885
1486,0.795976996
1487,0.305116504
1488,0.109568343
1489,0.970817387
1490,0.846167147
1491,0.079710804
1492,0.876590133
1493,0.119165279
1494,0.941566288
1495,0.95367837
1496,0.039392166
1497,0.850855649
1498,0.961474299
1499,0.970519185
1500,0.827003181
1501,0.125552118
1502,0.473377079
1503,0.072693229
1504,0.956573963
1505,0.0617144
1506,0.815682173
1507,0.189517051
1508,0.949334919
1509,0.634119332
1510,0.589229703
1511,0.153904855
1512,0.957642138
1513,0.772721827
1514,0.210285217
1515,0.07296595
1516,0.797360599
1517,0.776345968
1518,0.051588394
1519,0.070210531
1520,0.963627577
1521,0.793065012
1522,0.92005074
1523,0.090336271
1524,0.953169346
1525,0.927401662
1526,0.232761443
1527,0.261849791
1528,0.916095972
1529,0.820786417
1530,0.960819364
1531,0.73995322
1532,0.035039637
1533,0.063755743
1534,0.895783186
1535,0.059555512
1536,0.853210807
1537,0.887989342
1538,0.085742839
1539,0.142388403
1540,0.857354343
1541,0.425915599
1542,0.092744619
1543,0.138042524
1544,0.951941311
1545,0.979514241
1546,0.829993963
1547,0.982119918
1548,0.54651916
1549,0.04692205
1550,0.062064886
1551,0.039314758
1552,0.080123305
1553,0.164307088
1554,0.053506207
1555,0.05376846
1556,0.764516532
1557,0.099841706
1558,0.143648908
1559,0.958557367
1560,0.452300787
1561,0.569490969
1562,0.845353365
1563,0.728108406
1564,0.691669643
1565,0.780325294
1566,0.046122435
1567,0.305318058
1568,0.430984944
1569,0.24947162
1570,0.822860777
1571,0.160801202
1572,0.645388603
1573,0.684454679
1574,0.902960062
1575,0.994260728
1576,0.870637357
1577,0.536266685
1578,0.078056268
1579,0.22997196
1580,0.835836053
1581,0.104379438
1582,0.063286133
1583,0.783425272
1584,0.829190493
1585,0.541231394
1586,0.815876842
1587,0.951795995
1588,0.702028632
1589,0.878829241
1590,0.920587599
1591,0.144096106
1592,0.801308572
1593,0.765821755
1594,0.040699806
1595,0.031381894
1596,0.054631725
1597,0.860206187
1598,0.936962426
1599,0.058698628
1600,0.553583145
1601,0.161625117
1602,0.596308708
1603,0.612583518
1604,0.78745091
1605,0.157464027
1606,0.968587041
1607,0.946585953
1608,0.85142827
1609,0.851691604
1610,0.815146744
1611,0.7133255
1612,0.780108571
1613,0.146533161
1614,0.993905962
1615,0.946517169
1616,0.356360912
1617,0.393367678
1618,0.760232389
1619,0.799765408
1620,0.924533546
1621,0.909205496
1622,0.74146986
1623,0.067809083
1624,0.136942744
1625,0.069448441
1626,0.116471097
1627,0.126602873
1628,0.910161495
1629,0.72001189
1630,0.597200572
1631,0.610043824
1632,0.249751836
1633,0.588304102
1634,0.07895615
1635,0.073750712
1636,0.002885846
1637,0.092394702
1638,0.834934652
1639,0.859549582
1640,0.302853554
1641,0.072387978
1642,0.987679005
1643,0.904702604
1644,0.976768076
1645,0.017058065
1646,0.955185533
1647,0.622132778
1648,0.716526866
1649,0.947269976
1650,0.654939532
1651,0.979259491
1652,0.018152991
1653,0.958020091
1654,0.820904493
1655,0.898168743
1656,0.421557516
1657,0.784499884
1658,0.074556202
1659,0.994753242
1660,0.954578042
1661,0.294240087
1662,0.772213995
1663,0.522803783
1664,0.059498064
1665,0.088252909
1666,0.263547182
1667,0.508532643
1668,0.953580976
1669,0.674002886
1670,0.300802648
1671,0.989120364
1672,0.89906013
1673,0.363645583
1674,0.156765819
1675,0.196799085
1676,0.053037114
1677,0.949859917
1678,0.801235914
1679,0.032760341
1680,0.865541637
1681,0.563280702
1682,0.381085664
1683,0.989461541
1684,0.021209208
1685,0.248513088
1686,0.046865016
1687,0.057889163
1688,0.936234415
1689,0.695305765
1690,0.794240713
1691,0.064854711
1692,0.365416825
1693,0.820336103
1694,0.277829587
1695,0.300797224
1696,0.976095676
1697,0.949671984
1698,0.039616574
1699,0.781668186
1700,0.029345978
1701,0.081110895
1702,0.789696395
1703,0.714455605
1704,0.051763065
1705,0.176667064
1706,0.187069878
1707,0.920661628
1708,0.567151189
1709,0.30258584
1710,0.219533384
1711,0.073400505
1712,0.071403168
1713,0.631760418
1714,0.057942498
1715,0.144791573
1716,0.947399795
1717,0.044061009
1718,0.036945712
1719,0.170510039
1720,0.755650342
1721,0.119663171
1722,0.788559258
1723,0.895650089
1724,0.058613926
1725,0.634094775
1726,0.053191245
1727,0.957175791
1728,0.420677692
1729,0.8533746
1730,0.98423934
1731,0.056811474
1732,0.81493187
1733,0.044168502
1734,0.082007959
1735,0.82700032
1736,0.085410185
1737,0.863227546
1738,0.991812587
1739,0.782353461
1740,0.090999454
1741,0.289209485
1742,0.041318841
1743,0.037709728
1744,0.99846375
1745,0.462426156
1746,0.942071736
1747,0.795565724
1748,0.207033187
1749,0.128230348
1750,0.905605435
1751,0.042071968
1752,0.04286484
1753,0.534524143
1754,0.885620415
1755,0.967396438
1756,0.19405067
1757,0.852609038
1758,0.543855906
1759,0.681463122
1760,0.586218894
1761,0.290594101
1762,0.706671178
1763,0.868062258
1764,0.706407547
1765,0.164224908
1766,0.929016352
1767,0.358288676
1768,0.710026085
1769,0.52035594
1770,0.19912973
1771,0.91716665
1772,0.899967313
1773,0.93894881
1774,0.232303008
1775,0.049532779
1776,0.808515966
1777,0.358085752
1778,0.888713837
1779,0.04297208
1780,0.029416077
1781,0.858068645
1782,0.306796968
1783,0.386885852
1784,0.85350436
1785,0.216844752
1786,0.841980517
1787,0.478731543
1788,0.094604038
1789,0.905163646
1790,0.107413448
1791,0.582152307
1792,0.962378561
1793,0.218477681
1794,0.759615004
1795,0.554906547
1796,0.103516169
1797,0.200865567
1798,0.100605607
1799,0.108958289
1800,0.917540848
1801,0.082676873
1802,0.105883718
1803,0.723487914
1804,0.036927275
1805,0.938096583
1806,0.155304879
1807,0.747859836
1808,0.893092752
1809,0.162412286
1810,0.103741445
1811,0.047076765
1812,0.150442123
1813,0.914556563
1814,0.089256637
1815,0.991184056
1816,0.056877431
1817,0.896752715
1818,0.161705628
1819,0.580480158
1820,0.730641484
1821,0.683488667
1822,0.863714516
1823,0.827502429
1824,0.426694006
1825,0.989791632
1826,0.933122873
1827,0.866948247
1828,0.056040384
1829,0.203514293
1830,0.108103782
1831,0.578946769
1832,0.917697251
1833,0.159660071
1834,0.104338035
1835,0.692099452
1836,0.789059877
1837,0.026084283
1838,0.230546281
1839,0.761516511
1840,0.68083328
1841,0.946281672
1842,0.277129382
1843,0.815256059
1844,0.927396476
1845,0.970034599
1846,0.969486833
1847,0.98242557
1848,0.065199122
1849,0.807213962
1850,0.231434986
1851,0.785302758
1852,0.042850897
1853,0.876860261
1854,0.9564749
1855,0.871241689
1856,0.174522579
1857,0.579382837
1858,0.352581114
1859,0.132109314
1860,0.436528474
1861,0.078869335
1862,0.078310542
1863,0.076563291
1864,0.091278106
1865,0.071559228
1866,0.216916904
1867,0.836779118
1868,0.050571352
1869,0.807118952
1870,0.421108365
1871,0.055312596
1872,0.079032615
1873,0.950790346
1874,0.031152133
1875,0.852440417
1876,0.127810076
1877,0.093292572
1878,0.914641321
1879,0.078879379
1880,0.560486674
1881,0.723664045
1882,0.897491872
1883,0.140996471
1884,0.886139095
1885,0.046655215
1886,0.036463499
1887,0.046014808
1888,0.048734125
1889,0.828126132
1890,0.156616375
1891,0.10940142
1892,0.737156928
1893,0.190258414
1894,0.385455847
1895,0.089433007
1896,0.919511557
1897,0.951235712
1898,0.190513358
1899,0.581899822
1900,0.498197883
1901,0.066826239
1902,0.907990813
1903,0.753618658
1904,0.372889787
1905,0.81400454
1906,0.065726772
1907,0.313444883
1908,0.156522408
1909,0.14032194
1910,0.808587372
1911,0.035266887
1912,0.854342163
1913,0.9626019
1914,0.942086816
1915,0.573876381
1916,0.049918253
1917,0.167851239
1918,0.102437779
1919,0.215900481
1920,0.046416897
1921,0.939913988
1922,0.048766475
1923,0.577079654
1924,0.980235279
1925,0.941832542
1926,0.247150227
1927,0.695287526
1928,0.020790992
1929,0.538451195
1930,0.028831387
1931,0.140735701
1932,0.910372615
1933,0.249404147
1934,0.59730196
1935,0.775524616
1936,0.964011252
1937,0.315744102
1938,0.234578043
1939,0.963526309
1940,0.076925278
1941,0.876455307
1942,0.889396012
1943,0.27980727
1944,0.77862674
1945,0.069117777
1946,0.805979609
1947,0.043100689
1948,0.068738282
1949,0.04587552
1950,0.119844548
1951,0.090135492
1952,0.863273323
1953,0.137679696
1954,0.953652382
1955,0.951343536
1956,0.683452904
1957,0.914877295
1958,0.511883676
1959,0.943964958
1960,0.118032053
1961,0.099068195
1962,0.756935596
1963,0.747605681
1964,0.948724866
1965,0.66351366
1966,0.912333965
1967,0.857453585
1968,0.824389637
1969,0.052725188
1970,0.10636919
1971,0.109868653
1972,0.072888546
1973,0.734531224
1974,0.103996783
1975,0.974905133
1976,0.231272385
1977,0.015675755
1978,0.110028587
1979,0.065457031
1980,0.660348177
1981,0.408877075
1982,0.515081406
1983,0.408382386
1984,0.171947226
1985,0.920054793
1986,0.065126732
1987,0.077247351
1988,0.083670586
1989,0.293084055
1990,0.652316689
1991,0.046681754
1992,0.075802945
1993,0.811844766
1994,0.887904882
1995,0.678579569
1996,0.029527904
1997,0.82927829
1998,0.959420741
1999,0.411631763
2000,0.797891855
2001,0.782952547
2002,0.08412125
2003,0.09144111
2004,0.237477288
2005,0.498791158
2006,0.614432096
2007,0.154066905
2008,0.262837261
2009,0.986104667
2010,0.858909845
2011,0.80306077
2012,0.91232121
2013,0.817286193
2014,0.354882777
2015,0.11466258
2016,0.787030518
2017,0.903063476
2018,0.871072114
2019,0.93258661
2020,0.974654317
2021,0.974759758
2022,0.581686914
2023,0.046061341
2024,0.103259616
2025,0.100851938
2026,0.510985613
2027,0.659778178
2028,0.13528648
2029,0.706529677
2030,0.06099689
2031,0.60652864
2032,0.569459498
2033,0.092556693
2034,0.111006059
2035,0.923887432
2036,0.954212904
2037,0.279576689
2038,0.148918375
2039,0.212274522
2040,0.742641985
2041,0.482192606
2042,0.384090483
2043,0.276720077
2044,0.844789743
2045,0.564048946
2046,0.842664301
2047,0.811445951
2048,0.694845855
2049,0.88638103
2050,0.029693142
2051,0.44478786
2052,0.917916536
2053,0.751357377
2054,0.497550756
2055,0.845034003
2056,0.036397465
2057,0.114867933
2058,0.210922211
2059,0.202182338
2060,0.53200978
2061,0.476902813
2062,0.7439605
2063,0.668643236
2064,0.606125236
2065,0.642990291
2066,0.715539634
2067,0.100222431
2068,0.664296508
2069,0.374606282
2070,0.913870931
2071,0.153817981
2072,0.093956098
2073,0.470164061
2074,0.223671123
2075,0.777366459
2076,0.250184685
2077,0.162556186
2078,0.074324094
2079,0.76912415
2080,0.692364693
2081,0.910953939
2082,0.357434928
2083,0.540842593
2084,0.862295449
2085,0.929815292
2086,0.986490667
2087,0.34978801
2088,0.628326714
2089,0.080119371
2090,0.036919832
2091,0.730643988
2092,0.631043971
2093,0.411941469
2094,0.733356953
2095,0.036300674
2096,0.881978512
2097,0.992743373
2098,0.125036076
2099,0.757373929
2100,0.36958316
2101,0.064627886
2102,0.228361443
2103,0.1419321
2104,0.159217149
2105,0.988640606
2106,0.074597605
2107,0.713006496
2108,0.096194789
2109,0.056983981
2110,0.715456605
2111,0.053248908
2112,0.051519215
2113,0.049652997
2114,0.169821382
2115,0.284864217
2116,0.636640012
2117,0.741719067
2118,0.072138183
2119,0.669682682
2120,0.736385465
2121,0.794893324
2122,0.556788087
2123,0.995271385
2124,0.625249147
2125,0.069468997
2126,0.988924682
2127,0.395315528
2128,0.056974478
2129,0.656655073
2130,1.93098E-07
2131,0.261060387
2132,0.255975157
2133,0.040143654
2134,0.815705955
2135,0.919288576
2136,0.742683887
2137,0.035769451
2138,0.097626977
2139,0.034900926
2140,0.833322227
2141,0.211251095
2142,0.033560079
2143,0.897423744
2144,0.927149355
2145,0.192467213
2146,0.034521062
2147,0.078449838
2148,0.073247217
2149,0.954630017
2150,0.255552232
2151,0.821257591
2152,0.854306221
2153,0.067687713
2154,0.677038074
2155,0.967293322
2156,0.056617677
2157,0.919699669
2158,0.600318193
2159,0.053832494
2160,0.9236601
2161,0.073217183
2162,0.899523735
2163,0.825076997
2164,0.043841571
2165,0.082038552
2166,0.073847905
2167,0.075073034
2168,0.808878481
2169,0.892224252
2170,0.273854792
2171,0.146341652
2172,0.750662923
2173,0.057271313
2174,0.119471893
2175,0.962165773
2176,0.87691015
2177,0.884778917
2178,0.177642152
2179,0.077480257
2180,0.981659055
2181,0.799971819
2182,0.8270486
2183,0.257799417
2184,0.927932143
2185,0.586107433
2186,0.063127339
2187,0.836970508
2188,0.382383764
2189,0.869947076
2190,0.031058107
2191,0.947545946
2192,0.947392285
2193,0.050777137
2194,0.118400648
2195,0.081122451
2196,0.090170659
2197,0.976091146
2198,0.87460357
2199,0.97162205
2200,0.85076201
2201,0.949915409
2202,0.058493983
2203,0.088605076
2204,0.824751377
2205,0.62488848
2206,0.258283377
2207,0.019407548
2208,0.151595294
2209,0.164235592
2210,0.96366024
2211,0.919860661
2212,0.936560929
2213,0.282240689
2214,0.772791028
2215,0.291645914
2216,0.782768548
2217,0.323544145
2218,0.982211351
2219,0.108103231
2220,0.106190719
2221,0.9584378
2222,0.156270638
2223,0.034728583
2224,0.965047777
2225,0.845003426
2226,0.319511443
2227,0.707996726
2228,0.058772229
2229,0.593482077
2230,0.515750945
2231,0.020046022
2232,0.123274416
2233,0.12628825
2234,0.876178503
2235,0.025458451
2236,0.658563554
2237,0.799030781
2238,0.068173006
2239,0.04229337
2240,0.068197638
2241,0.803029656
2242,0.14635919
2243,0.975350201
2244,0.980153084
2245,0.153549343
2246,0.064783894
2247,0.518770516
2248,0.84722501
2249,0.362540215
2250,0.138318509
2251,0.734014392
2252,0.885929406
2253,0.135626107
2254,0.314975619
2255,0.520403802
2256,0.215234056
2257,0.233970329
2258,0.104667976
2259,0.253688216
2260,0.216209754
2261,0.92200762
2262,0.734710097
2263,0.789765656
2264,0.078846402
2265,0.402552307
2266,0.065718547
2267,0.516642213
2268,0.745575488
2269,0.048353754
2270,0.096853219
2271,0.931368768
2272,0.768760562
2273,0.84070456
2274,0.053877443
2275,0.207643121
2276,0.918740571
2277,0.166177168
2278,0.029176347
2279,0.720906615
2280,0.86215663
2281,0.871452689
2282,0.612643957
2283,0.952351749
2284,0.081723243
2285,0.882964492
2286,0.822720766
2287,0.860204875
2288,0.076199651
2289,0.70820272
2290,0.848217726
2291,0.216750905
2292,0.35599941
2293,0.940286875
2294,0.835529149
2295,0.964981019
2296,0.297043234
2297,0.041490082
2298,0.019411741
2299,0.798135877
2300,0.081205733
2301,0.078040689
2302,0.401028365
2303,0.994012117
2304,0.145299003
2305,0.537991881
2306,0.068525046
2307,0.968938708
2308,0.07181903
2309,0.117992252
2310,0.836328566
2311,0.524310052
2312,0.956385016
2313,0.070414945
2314,0.936246216
2315,0.547986925
2316,0.062783793
2317,0.09371914
2318,0.798311889
2319,0.787218809
2320,0.95153451
2321,0.723186493
2322,0.049710203
2323,0.035030838
2324,0.124844223
2325,0.586403251
2326,0.155963182
2327,0.070035882
2328,0.150821537
2329,0.868845284
2330,0.108335599
2331,0.825719774
2332,0.758840144
2333,0.173637509
2334,0.920410454
2335,0.794116676
2336,0.971784294
2337,0.147741884
2338,0.587782204
2339,0.067490339
2340,0.996478558
2341,0.717555463
2342,0.39245227
2343,0.04906714
2344,0.251403332
2345,0.557211101
2346,0.829314411
2347,0.067260645
2348,0.144987792
2349,0.230212197
2350,0.79512614
2351,0.908510685
2352,0.680285871
2353,0.208348185
2354,0.982013583
2355,0.922800601
2356,0.555302382
2357,0.612479508
2358,0.753396213
2359,0.9619084
2360,0.42097044
2361,0.71463269
2362,0.812938392
2363,0.885113716
2364,0.752961874
2365,0.848231733
2366,0.873264194
2367,0.975978196
2368,0.234076127
2369,0.777279675
2370,0.098600686
2371,0.219798893
2372,0.518396676
2373,0.170632571
2374,0.639841557
2375,0.260572582
2376,0.099658437
2377,0.177471861
2378,0.26335904
2379,0.773367524
2380,0.103474446
2381,0.071564965
2382,0.598448992
2383,0.130931899
2384,0.256776512
2385,0.294884354
2386,0.541016757
2387,0.97841686
2388,0.106966153
2389,0.923994482
2390,0.721629977
2391,0.504034281
2392,0.985809147
2393,0.96045351
2394,0.795917273
2395,0.106521428
2396,0.697128713
2397,0.151205733
2398,0.228372782
2399,0.911891758
2400,0.079820074
2401,0.990033627
2402,0.094993047
2403,0.457932681
2404,0.296600223
2405,0.963703752
2406,0.390016228
2407,0.958154619
2408,0.272663593
2409,0.364500344
2410,0.067407563
2411,0.959259212
2412,0.026345028
2413,0.290516913
2414,0.06756366
2415,0.887195051
2416,0.088131472
2417,0.965075612
2418,0.30389291
2419,0.063586906
2420,0.281211287
2421,0.132133588
2422,0.124673188
2423,0.939576149
2424,0.772707999
2425,0.924126089
2426,0.912794173
2427,0.893291831
2428,0.407544732
2429,0.94417572
2430,0.034488719
2431,0.30642581
2432,0.968444109
2433,0.077148095
2434,0.692865252
2435,0.041771114
2436,0.205311134
2437,0.968975425
2438,0.044472732
2439,0.336290002
2440,0.739211798
2441,0.40785861
2442,0.692252874
2443,0.070068441
2444,0.072646372
2445,0.94554925
2446,0.865758896
2447,0.973273218
2448,0.848145366
2449,0.873543561
2450,0.814073265
2451,0.544266641
2452,0.153551787
2453,0.758862197
2454,0.756468177
2455,0.388859838
2456,0.243407562
2457,0.120509237
2458,0.090046607
2459,0.98588568
2460,0.042391904
2461,0.056739591
2462,0.084348939
2463,0.32090947
2464,0.914520562
2465,0.255992383
2466,0.036171533
2467,0.166114837
2468,0.842148304
2469,0.151826158
2470,0.854470193
2471,0.9249385
2472,0.79509151
2473,0.973365545
2474,0.697421193
2475,0.761489391
2476,0.034201324
2477,0.122252673
2478,0.084154397
2479,0.215900481
2480,0.929581106
2481,0.14208208
2482,0.051571809
2483,0.041618731
2484,0.670629203
2485,0.076919824
2486,0.633026838
2487,0.121296994
2488,0.841239989
2489,0.894632638
2490,0.175078094
2491,0.003197308
2492,0.578918397
2493,0.860942125
2494,0.201482132
2495,0.769403517
2496,0.952507675
2497,0.599238575
2498,0.04195432
2499,0.97512269
2500,0.845577538
2501,0.671899855
2502,0.15602833
2503,0.915849805
2504,0.222861201
2505,0.103091426
2506,0.088695526
2507,0.078141823
2508,0.26331386
2509,0.270035535
2510,0.155881017
2511,0.971916199
2512,0.94183594
2513,0.053703748
2514,0.068737492
2515,0.781684816
2516,0.70784843
2517,0.846785843
2518,0.06274949
2519,0.829929411
2520,0.153164446
2521,0.071950577
2522,0.074805744
2523,0.760495484
2524,0.956362844
2525,0.090695642
2526,0.089375556
2527,0.092400178
2528,0.783199012
2529,0.120824069
2530,0.061930399
2531,0.804071903
2532,0.055411246
2533,0.115693942
2534,0.096134573
2535,0.073756352
2536,0.800525844
2537,0.050564416
2538,0.702142775
2539,0.258732021
2540,0.10413038
2541,0.782016218
2542,0.988900542
2543,0.734680891
2544,0.855306149
2545,0.379633993
2546,0.106573902
2547,0.051797226
2548,0.132693455
2549,0.292830378
2550,0.095118351
2551,0.074576341
2552,0.146173656
2553,0.887305915
2554,0.655538321
2555,0.58053267
2556,0.866752505
2557,0.036710419
2558,0.08245109
2559,0.077417128
2560,0.27936703
2561,0.830370426
2562,0.302222252
2563,0.872780204
2564,0.97703892
2565,0.474928796
2566,0.705981374
2567,0.249792635
2568,0.434385478
2569,0.971761405
2570,0.043320403
2571,0.922874391
2572,0.442617089
2573,0.863858402
2574,0.879989803
2575,0.094751708
2576,0.072582379
2577,0.987709582
2578,0.967082798
2579,0.330095947
2580,0.844401777
2581,0.475306302
2582,0.253109723
2583,0.330783248
2584,0.780751109
2585,0.069587238
2586,0.135675132
2587,0.106485575
2588,0.229723588
2589,0.948386967
2590,0.085451208
2591,0.944008291
2592,0.774130166
2593,0.752152026
2594,0.088470511
2595,0.44322601
2596,0.89694047
2597,0.474258333
2598,0.984054089
2599,0.049247984
2600,0.918408513
2601,0.215900481
2602,0.073670685
2603,0.122973517
2604,0.288900107
2605,0.051362976
2606,0.215900481
2607,0.922386348
2608,0.364421129
2609,0.068936035
2610,0.073996954
2611,0.146719813
2612,0.816676915
2613,0.168264762
2614,0.948227525
2615,0.882497191
2616,0.143382117
2617,0.929445386
2618,0.705808342
2619,0.820646584
2620,0.613529265
2621,0.038336191
2622,0.262718618
2623,0.992372751
2624,0.927994788
2625,0.082943939
2626,0.977487564
2627,0.232694387
2628,0.972060323
2629,0.441447139
2630,0.097572088
2631,0.036844525
2632,0.195401743
2633,0.403881282
2634,0.165032908
2635,0.048561022
2636,0.897024095
2637,0.02975679
2638,0.716297269
2639,0.104225211
2640,0.86506933
2641,0.148649201
2642,0.032136891
2643,0.462553799
2644,0.075000823
2645,0.1091398
2646,0.110790372
2647,0.372307479
2648,0.017547816
2649,0.158970669
2650,0.885067344
2651,0.767247796
2652,0.072952755
2653,0.500297844
2654,0.125515595
2655,0.729423821
2656,0.847161293
2657,0.057599802
2658,0.080664538
2659,0.098777726
2660,0.960595846
2661,0.568341672
2662,0.116681814
2663,0.505682111
2664,0.729328156
2665,0.095867574
2666,0.659411848
2667,0.15296644
2668,0.399331063
2669,0.396614492
2670,0.060223438
2671,0.373340994
2672,0.215564176
2673,0.918929517
2674,0.175024077
2675,0.408038795
2676,0.924230874
2677,0.663477719
2678,0.088275895
2679,0.09778811
2680,0.858057976
2681,0.953674078
2682,0.066355199
2683,0.106301926
2684,0.838660777
2685,0.995198846
2686,0.497789294
2687,0.155032754
2688,0.44707796
2689,0.800082028
2690,0.323411286
2691,0.98254174
2692,0.653260946
2693,0.095410563
2694,0.13108936
2695,0.854269862
2696,0.446483552
2697,0.065916181
2698,0.118490696
2699,0.759180248
2700,0.091414452
2701,0.051079407
2702,0.052652884
2703,0.139910787
2704,0.878640354
2705,0.050675351
2706,0.049141929
2707,0.965935051
2708,0.780572653
2709,0.097239479
2710,0.984286547
2711,0.092502721
2712,0.129414544
2713,0.945803225
2714,0.93338865
2715,0.951300859
2716,0.135798782
2717,0.212575063
2718,0.963893831
2719,0.008080194
2720,0.859409094
2721,0.74872762
2722,0.139557406
2723,0.951930285
2724,0.161613181
2725,0.255391359
2726,0.930866063
2727,0.068697296
2728,0.807033479
2729,0.90839833
2730,0.105124153
2731,0.654289842
2732,0.476984531
2733,0.114527427
2734,0.987136662
2735,0.780413866
2736,0.148402289
2737,0.034111813
2738,0.431491643
2739,0.54296124
2740,0.056230601
2741,0.089758791
2742,0.072347164
2743,0.098686926
2744,0.836164117
2745,0.919053733
2746,0.262073189
2747,0.879860699
2748,0.057749618
2749,0.106863916
2750,0.06706965
2751,0.58076489
2752,0.13723442
2753,0.881030321
2754,0.392532885
2755,0.054462489
2756,0.533334315
2757,0.330903113
2758,0.050615285
2759,0.944935739
2760,0.751332939
2761,0.218606204
2762,0.421402097
2763,0.95912385
2764,0.756490469
2765,0.203478575
2766,0.750855207
2767,0.822993755
2768,0.17537953
2769,0.801267803
2770,0.010382492
2771,0.443448871
2772,0.717013061
2773,0.822651446
2774,0.050998785
2775,0.653106928
2776,0.789276242
2777,0.853395462
2778,0.978957593
2779,0.107833467
2780,0.720202923
2781,0.012971167
2782,0.929983795
2783,0.129206344
2784,0.859309316
2785,0.098237701
2786,0.155459076
2787,0.056522168
2788,0.160489619
2789,0.074806273
2790,0.06942299
2791,0.086865298
2792,0.936238587
2793,0.1548457
2794,0.206636116
2795,0.932522237
2796,0.044710737
2797,0.156641439
2798,0.969934583
2799,0.111858204
2800,0.592551529
2801,0.742183924
2802,0.948334157
2803,0.851352394
2804,0.073110417
2805,0.108232856
2806,0.0834364
2807,0.90400517
2808,0.090435535
2809,0.965652406
2810,0.955017745
2811,0.452340484
2812,0.832810104
2813,0.847449899
2814,0.996479511
2815,0.608483076
2816,0.133458287
2817,0.820295751
2818,0.068341404
2819,0.768436551
2820,0.111337371
2821,0.914696813
2822,0.847655773
2823,0.214317724
2824,0.742473245
2825,0.56330961
2826,0.959635556
2827,0.110160403
2828,0.946124315
2829,0.090768576
2830,0.795256138
2831,0.118600063
2832,0.992482662
2833,0.07047268
2834,0.793564022
2835,0.295922101
2836,0.882820129
2837,0.064745307
2838,0.107128531
2839,0.904553533
2840,0.170583189
2841,0.90285033
2842,0.739092946
2843,0.038349606
2844,0.802445292
2845,0.131388023
2846,0.252379268
2847,0.538415551
2848,0.096504919
2849,0.669298112
2850,0.673588634
2851,0.735536456
2852,0.852115273
2853,0.614573121
2854,0.950594783
2855,0.054117903
2856,0.181578711
2857,0.774285793
2858,0.059059188
2859,0.425197363
2860,0.062504806
2861,0.823249459
2862,0.685143769
2863,0.14173077
2864,0.868203878
2865,0.027204998
2866,0.959024608
2867,0.09855891
2868,0.081873737
2869,0.168768689
2870,0.089129813
2871,0.082603052
2872,0.948453188
2873,0.128206313
2874,0.163963065
2875,0.77889818
2876,0.612165153
2877,0.899724603
2878,0.414188653
2879,0.938090324
2880,0.16256468
2881,0.762960851
2882,0.859657228
2883,0.093003333
2884,0.046999536
2885,0.849353492
2886,0.150114715
2887,0.486534476
2888,0.988539994
2889,0.882963538
2890,0.96313262
2891,0.059823949
2892,0.083408758
2893,0.792244673
2894,0.079342097
2895,0.214604706
2896,0.993030071
2897,0.155775532
2898,0.182978794
2899,0.11667002
2900,0.852285326
2901,0.699621081
2902,0.023030493
2903,0.007454678
2904,0.053985175
2905,0.766310096
2906,0.896285474
2907,0.829773724
2908,0.084752865
2909,0.043537788
2910,0.598902941
2911,0.62531352
2912,0.07561855
2913,0.871165931
2914,0.815127671
2915,0.432769269
2916,0.991491258
2917,0.098943271
2918,0.314042211
2919,0.950657487
2920,0.050355095
2921,0.065553851
2922,0.096963979
2923,0.556136489
2924,0.238204449
2925,0.112589166
2926,0.833409846
2927,0.158292428
2928,0.004551198
2929,0.939072371
2930,0.988766789
2931,0.285620987
2932,0.731730223
2933,0.068433613
2934,0.978202879
2935,0.105228357
2936,0.120339818
2937,0.078777306
2938,0.069308914
2939,0.827889144
2940,0.16680257
2941,0.328985155
2942,0.125394613
2943,0.135148898
2944,0.294329017
2945,0.904848516
2946,0.151889473
2947,0.894980967
2948,0.886040688
2949,0.874720335
2950,0.139492735
2951,0.17717725
2952,0.290099651
2953,0.227723598
2954,0.053498287
2955,0.09064202
2956,0.094882585
2957,0.848228455
2958,0.750197232
2959,0.821859121
2960,0.917482018
2961,0.073667563
2962,0.830509365
2963,0.718473196
2964,0.215989709
2965,0.971291661
2966,0.249906242
2967,0.499727666
2968,0.930131197
2969,0.129807666
2970,0.087616771
2971,0.058302183
2972,0.836351633
2973,0.071595319
2974,0.505236089
2975,0.098205641
2976,0.065347843
2977,0.104785517
2978,0.081854597
2979,0.054970674
2980,0.862912893
2981,0.049540322
2982,0.072783858
2983,0.738161743
2984,0.153817236
2985,0.377069503
2986,0.731094897
2987,0.056400564
2988,0.040498786
2989,0.042799704
2990,0.878508091
2991,0.193233609
2992,0.169482484
2993,0.091994055
2994,0.974488556
2995,0.049903695
2996,0.213249221
2997,0.044310484
2998,0.165455863
2999,0.215900481
3000,0.19813025
3001,0.10513407
3002,0.081672661
3003,0.736626506
3004,0.042955708
3005,0.714101553
3006,0.557883441
3007,0.215900481
3008,0.074126646
3009,0.117991902
3010,0.130685806
3011,0.041338395
3012,0.453173101
3013,0.056341186
3014,0.512660503
3015,0.147158802
3016,0.069277361
3017,0.688547015
3018,0.728215873
3019,0.176897541
3020,0.170820504
3021,0.969194174
3022,0.104286663
3023,0.106993049
3024,0.152798623
3025,0.08150287
3026,0.064137146
3027,0.057340968
3028,0.140018106
3029,0.121581204
3030,0.048103441
3031,0.775741696
3032,0.144996658
3033,0.21756953
3034,0.794839501
3035,0.818848193
3036,0.955816865
3037,0.950659573
3038,0.953177094
3039,0.038810678
3040,0.096519634
3041,0.518747509
3042,0.909296751
3043,0.074176304
3044,0.324116915
3045,0.060171805
3046,0.959971726
3047,0.310997099
3048,0.12644513
3049,0.754724681
3050,0.818563819
3051,0.881285071
3052,0.043786671
3053,0.139293537
3054,0.062293477
3055,0.60953033
3056,0.060465593
3057,0.073384352
3058,0.118434347
3059,0.763338625
3060,0.806977987
3061,0.882531285
3062,0.118176579
3063,0.534361422
3064,0.840197086
3065,0.929213524
3066,0.239438534
3067,0.466261953
3068,0.79753691
3069,0.127895758
3070,0.629553437
3071,0.950281262
3072,0.253591388
3073,0.879436016
3074,0.053565618
3075,0.123453408
3076,0.157807812
3077,0.085949026
3078,0.924572468
3079,0.024443459
3080,0.741427243
3081,0.368931562
3082,0.814532995
3083,0.515040457
3084,0.869651496
3085,0.913289487
3086,0.837295234
3087,0.827224016
3088,0.475226641
3089,0.040559735
3090,0.083597317
3091,0.921172738
3092,0.844136119
3093,0.791617453
3094,0.084469371
3095,0.102104664
3096,0.031118216
3097,0.239582628
3098,0.118141353
3099,0.89968878
3100,0.116691254
3101,0.92777282
3102,0.615480244
3103,0.167108491
3104,0.053664334
3105,0.758747816
3106,0.978894234
3107,0.88585645
3108,0.830022275
3109,0.296605587
3110,0.961851597
3111,0.889739037
3112,0.222311065
3113,0.72988975
3114,0.881623089
3115,0.425575614
3116,0.87947619
3117,0.047534108
3118,0.739942729
3119,0.548907876
3120,0.148556814
3121,0.100854836
3122,0.038312417
3123,0.739460886
3124,0.991307676
3125,0.976942539
3126,0.193343818
3127,0.103511922
3128,0.190134764
3129,0.054777555
3130,0.547480166
3131,0.537284017
3132,0.44081375
3133,0.083783917
3134,0.070811495
3135,0.233515531
3136,0.423225731
3137,0.107707441
3138,0.097064145
3139,0.216151416
3140,0.099021092
3141,0.213174537
3142,0.272827446
3143,0.906378925
3144,0.988662243
3145,0.044236254
3146,0.081335045
3147,0.078418955
3148,0.092559136
3149,0.899426639
3150,0.238151193
3151,0.547524393
3152,0.151547372
3153,0.085141674
3154,0.844391465
3155,0.030818377
3156,0.293862492
3157,0.084950514
3158,0.076925613
3159,0.253970504
3160,0.121757686
3161,0.35097605
3162,0.004663235
3163,0.031342175
3164,0.195598453
3165,0.800523996
3166,0.142869473
3167,0.095596127
3168,0.432972133
3169,0.094721727
3170,0.037046861
3171,0.22802496
3172,0.924213231
3173,0.073082276
3174,0.075715996
3175,0.218860373
3176,0.819926679
3177,0.149864346
3178,0.511137664
3179,0.052804768
3180,0.982907534
3181,0.154361561
3182,0.395415664
3183,0.080415316
3184,0.216887355
3185,0.066893831
3186,0.060684513
3187,0.764055789
3188,0.130482107
3189,0.098867156
3190,0.648351789
3191,0.177921757
3192,0.724579453
3193,0.114750974
3194,0.807836771
3195,0.975810349
3196,0.354325294
3197,0.517326772
3198,0.048139021
3199,0.139974698
3200,0.101808518
3201,0.085942395
3202,0.49410674
3203,0.969358265
3204,0.293766499
3205,0.032495752
3206,0.881749213
3207,0.731692433
3208,0.10977155
3209,0.555543959
3210,0.972595215
3211,0.59687227
3212,0.058687929
3213,0.617374718
3214,0.522296071
3215,0.251505822
3216,0.15223074
3217,0.264915138
3218,0.653275251
3219,0.953529716
3220,0.937883258
3221,0.041003283
3222,0.15133816
3223,0.12352857
3224,0.811518669
3225,0.732249022
3226,0.844686747
3227,0.073132232
3228,0.861575961
3229,0.267115414
3230,0.211331278
3231,0.967368126
3232,0.968100846
3233,0.090363033
3234,0.11171858
3235,0.152207181
3236,0.274688989
3237,0.13957274
3238,0.209639162
3239,0.499932528
3240,0.977669597
3241,0.11985524
3242,0.910148144
3243,0.916960299
3244,0.102812581
3245,0.660739899
3246,0.070876092
3247,0.101580441
3248,0.763531625
3249,0.416950375
3250,0.061762847
3251,0.914934576
3252,0.083970234
3253,0.041306399
3254,0.960521698
3255,0.97038579
3256,0.079869613
3257,0.077676669
3258,0.235073045
3259,0.973575473
3260,0.591622949
3261,0.111318499
3262,0.112504795
3263,0.635545254
3264,0.878854036
3265,0.254898161
3266,0.945278883
3267,0.213093489
3268,0.638696611
3269,0.525258482
3270,0.400186628
3271,0.215140373
3272,0.120464593
3273,0.052891504
3274,0.448483229
3275,0.013519653
3276,0.683994591
3277,0.078004673
3278,0.207474142
3279,0.130695134
3280,0.127784967
3281,0.885231912
3282,0.756645918
3283,0.814142466
3284,0.081688039
3285,0.959255695
3286,0.676553905
3287,0.768399417
3288,0.057623517
3289,0.058309358
3290,0.971116662
3291,0.919072628
3292,0.062271591
3293,0.212747037
3294,0.5682863
3295,0.207793251
3296,0.861448526
3297,0.086578093
3298,0.776361346
3299,0.145148888
3300,0.286306113
3301,0.798366487
3302,0.870233595
3303,0.665821135
3304,0.173825398
3305,0.964354515
3306,0.974903226
3307,0.75538218
3308,0.980315685
3309,0.95049876
3310,0.112893268
3311,0.127558976
3312,0.085394733
3313,0.187453985
3314,0.23878558
3315,0.81142801
3316,0.57526809
3317,0.211376399
3318,0.066322945
3319,0.069826849
3320,0.042836171
3321,0.699184299
3322,0.124844044
3323,0.016194459
3324,0.159434602
3325,0.046146672
3326,0.829034746
3327,0.94539845
3328,0.105928734
3329,0.215900481
3330,0.062280528
3331,0.953965545
3332,0.081592262
3333,0.061770778
3334,0.878388464
3335,0.173706248
3336,0.916474521
3337,0.712454081
3338,0.602477133
3339,0.090664618
3340,0.825937152
3341,0.742702901
3342,0.62356174
3343,0.838731587
3344,0.079038203
3345,0.187603906
3346,0.78428638
3347,0.788883984
3348,0.821738303
3349,0.734541595
3350,0.980090022
3351,0.082176335
3352,0.203077003
3353,0.145412356
3354,0.84012419
3355,0.225305751
3356,0.095317632
3357,0.199678704
3358,0.119242027
3359,0.116425812
3360,0.762565732
3361,0.082879141
3362,0.211265638
3363,0.030779205
3364,0.100410409
3365,0.944896877
3366,0.316103965
3367,0.614463449
3368,0.828933358
3369,0.964173198
3370,0.603513956
3371,0.464611948
3372,0.183791503
3373,0.87549299
3374,0.837604523
3375,0.534527481
3376,0.130395189
3377,0.218938693
3378,0.065212227
3379,0.655313492
3380,0.059758674
3381,0.747044265
3382,0.31436044
3383,0.6832816
3384,0.874196827
3385,0.964989305
3386,0.036402032
3387,0.107566513
3388,0.673239946
3389,0.75682658
3390,0.074956834
3391,0.590449393
3392,0.609845161
3393,0.626836836
3394,0.90933609
3395,0.958856583
3396,0.116905518
3397,0.829157352
3398,0.203654304
3399,0.873216927
3400,0.885625124
3401,0.946274042
3402,0.802953482
3403,0.761771202
3404,0.303184599
3405,0.850203693
3406,0.092207335
3407,0.426561624
3408,0.948226988
3409,0.034463003
3410,0.048969492
3411,0.87225616
3412,0.942685485
3413,0.86339426
3414,0.241696119
3415,0.740870476
3416,0.546800673
3417,0.583778918
3418,0.692348838
3419,0.157782391
3420,0.919046104
3421,0.120659061
3422,0.161590979
3423,0.875160098
3424,0.060567688
3425,0.420651108
3426,0.391063035
3427,0.061934248
3428,0.046504926
3429,0.109222814
3430,0.045961544
3431,0.492256671
3432,0.229428619
3433,0.215900481
3434,0.035839118
3435,0.92450434
3436,0.216262594
3437,0.092532024
3438,0.229839817
3439,0.171058565
3440,0.41976136
3441,0.066455238
3442,0.169560134
3443,0.132680714
3444,0.239292473
3445,0.089146115
3446,0.249082014
3447,0.054632612
3448,0.11363294
3449,0.215900481
3450,0.980620921
3451,0.983533382
3452,0.426329434
3453,0.990021288
3454,0.0601013
3455,0.999803662
3456,0.173823938
3457,0.958219886
3458,0.85982281
3459,0.408923864
3460,0.175544038
3461,0.95689708
3462,0.215900481
3463,0.627128005
3464,0.465741128
3465,0.230059505
3466,0.978406608
3467,0.080022357
3468,0.908613086
3469,0.719408095
3470,0.209157184
3471,0.206998706
3472,0.162133619
3473,0.110486642
3474,0.107840255
3475,0.091284558
3476,0.92319417
3477,0.917651534
3478,0.134239644
3479,0.984456778
3480,0.974995673
3481,0.070008405
3482,0.983284652
3483,0.164508417
3484,0.123369761
3485,0.057634108
3486,0.15085426
3487,0.221857369
3488,0.665819168
3489,0.636334062
3490,0.019016612
3491,0.162938938
3492,0.122225121
3493,0.726619065
3494,0.101594448
3495,0.832069039
3496,0.526258588
3497,0.579876602
3498,0.089719065
3499,0.11116109
3500,0.103369571
3501,0.641370893
3502,0.061411809
3503,0.806020379
3504,0.766488254
3505,0.572538137
3506,0.939780056
3507,0.159694359
3508,0.062602751
3509,0.849618673
3510,0.753016531
3511,0.167187601
3512,0.085399084
3513,0.217984289
3514,0.114905097
3515,0.166640952
3516,0.616482496
3517,0.671297371
3518,0.254546553
3519,0.150462687
3520,0.223917559
3521,0.270619154
3522,0.151207834
3523,0.289672375
3524,0.26667285
3525,0.893610001
3526,0.656350136
3527,0.206058547
3528,0.602066994
3529,0.13439557
3530,0.233241588
3531,0.122167379
3532,0.123852775
3533,0.050697561
3534,0.091864891
3535,0.853076398
3536,0.101529755
3537,0.111976802
3538,0.212040022
3539,0.839791059
3540,0.084994562
3541,0.133079648
3542,0.086136028
3543,0.069904938
3544,0.034458738
3545,0.119571678
3546,0.541017056
3547,0.107505538
3548,0.024791347
3549,0.554968774
3550,0.845743597
3551,0.296335816
3552,0.42969656
3553,0.15191792
3554,0.044967774
3555,0.2183249
3556,0.921720028
3557,0.1798179
3558,0.905714571
3559,0.717097163
3560,0.839146197
3561,0.998445511
3562,0.208619431
3563,0.595274866
3564,0.597901762
3565,0.843104124
3566,0.876378179
3567,0.960126698
3568,0.188052103
3569,0.907044649
3570,0.248611629
3571,0.087235123
3572,0.84417659
3573,0.652156234
3574,0.890660763
3575,0.745223045
3576,0.041953575
3577,0.092477828
3578,0.992766201
3579,0.504138112
3580,0.876094639
3581,0.982736111
3582,0.950942814
3583,0.617115915
3584,0.118749283
3585,0.067662202
3586,0.63604486
3587,0.962142169
3588,0.934404552
3589,0.255673379
3590,0.708329618
3591,0.22317031
3592,0.188241541
3593,0.169493079
3594,0.989641786
3595,0.452006966
3596,0.966665804
3597,0.50814867
3598,0.124821074
3599,0.191509053
3600,0.217554674
3601,0.963692546
3602,0.052357737
3603,0.927375734
3604,0.383417606
3605,0.234762043
3606,0.21728377
3607,0.364026219
3608,0.13493982
3609,0.096733123
3610,0.101245411
3611,0.616998315
3612,0.874420226
3613,0.985414207
3614,0.822771966
3615,0.003772439
3616,0.059213225
3617,0.803204417
3618,0.316376716
3619,0.376561344
3620,0.180408821
3621,0.037830986
3622,0.63202256
3623,0.070191264
3624,0.145863846
3625,0.09655349
3626,0.089154519
3627,0.070988871
3628,0.99269706
3629,0.040220361
3630,0.970261693
3631,0.641926289
3632,0.909018934
3633,0.261164904
3634,0.208026201
3635,0.830089986
3636,0.0833655
3637,0.929994941
3638,0.218289629
3639,0.234601781
3640,0.884980559
3641,0.685465038
3642,0.796508729
3643,0.107812665
3644,0.510241389
3645,0.218712494
3646,0.106690638
3647,0.094108716
3648,0.304850996
3649,0.186157629
3650,0.959236562
3651,0.16570738
3652,0.840278089
3653,0.524602652
3654,0.169449881
3655,0.068678722
3656,0.913572073
3657,0.431545496
3658,0.179867476
3659,0.832590461
3660,0.076916032
3661,0.255776733
3662,0.989864588
3663,0.216005787
3664,0.799437881
3665,0.109013945
3666,0.989271045
3667,0.215646714
3668,0.055366166
3669,0.216120347
3670,0.432167113
3671,0.27371332
3672,0.428557187
3673,0.975411594
3674,0.239142254
3675,0.215900481
3676,0.082063802
3677,0.88069582
3678,0.672176123
3679,0.154128835
3680,0.194871381
3681,0.13741149
3682,0.789686918
3683,0.095171601
3684,0.103933446
3685,0.210738167
3686,0.174191818
3687,0.242564231
3688,0.223112687
3689,0.066535801
3690,0.846292973
3691,0.200563088
3692,0.637558281
3693,0.026125733
3694,0.070277832
3695,0.201732844
3696,0.215900481
3697,0.881558716
3698,0.168668196
3699,0.193835229
3700,0.587935388
3701,0.044675153
3702,0.215900481
3703,0.995286405
3704,0.282720536
3705,0.20567289
3706,0.125621885
3707,0.193865106
3708,0.110598579
3709,0.215900481
3710,0.219889477
3711,0.960481346
3712,0.683535695
3713,0.081449024
3714,0.218069851
3715,0.224122778
3716,0.135925978
3717,0.841542006
3718,0.203684479
3719,0.032161549
3720,0.673956573
3721,0.218762994
3722,0.28926155
3723,0.197777718
3724,0.838780761
3725,0.084442273
3726,0.844468176
3727,0.074999295
3728,0.925966561
3729,0.954883397
3730,0.07298059
3731,0.126579806
3732,0.072537936
3733,0.071255974
3734,0.950281918
3735,0.181440443
3736,0.172093377
3737,0.979040205
3738,0.14552848
3739,0.745377958
3740,0.135882691
3741,0.094173081
3742,0.120083645
3743,0.048330326
3744,0.892196178
3745,0.902458847
3746,0.146579117
3747,0.052907918
3748,0.190034688
3749,0.143689305
3750,0.118489347
3751,0.072056934
3752,0.821001589
3753,0.215900481
3754,0.023233948
3755,0.67521888
3756,0.885296702
3757,0.16502586
3758,0.105382003
3759,0.689430356
3760,0.316762626
3761,0.805526078
3762,0.562521279
3763,0.778717935
3764,0.160969526
3765,0.937818766
3766,0.963848829
3767,0.116662063
3768,0.767700851
3769,0.105550118
3770,0.396179557
3771,0.215900481
3772,0.082101882
3773,0.144032568
3774,0.295852602
3775,0.92065388
3776,0.772674918
3777,0.24902679
3778,0.768325627
3779,0.745273411
3780,0.586674094
3781,0.032827493
3782,0.109446354
3783,0.241464257
3784,0.021591315
3785,0.16133751
3786,0.474672586
3787,0.03216587
3788,0.979678333
3789,0.134771556
3790,0.04200704
3791,0.543025434
3792,0.198359132
3793,0.331042022
3794,0.057600345
3795,0.150655523
3796,0.134526595
3797,0.901747346
3798,0.216352507
3799,0.193013668
3800,0.288897485
3801,0.441105068
3802,0.747535825
3803,0.693044662
3804,0.65317136
3805,0.800702512
3806,0.022016047
3807,0.162970126
3808,0.121827923
3809,0.170390263
3810,0.048661582
3811,0.065509349
3812,0.004403433
3813,0.351127803
3814,0.116334945
3815,0.09309186
3816,0.25975123
3817,0.417088836
3818,0.145613223
3819,0.080109775
3820,0.543517292
3821,0.727461576
3822,0.162696958
3823,0.967112541
3824,0.810192227
3825,0.021090088
3826,0.86373347
3827,0.732544184
3828,0.141806051
3829,0.19141078
3830,0.012207581
3831,0.969040215
3832,0.100256793
3833,0.061976399
3834,0.963051379
3835,0.092098989
3836,0.069493569
3837,0.184164062
3838,0.584380567
3839,0.174212739
3840,0.468641222
3841,0.198485821
3842,0.194490522
3843,0.047933988
3844,0.980818987
3845,0.438140869
3846,0.260835707
3847,0.095333628
3848,0.223226219
3849,0.768386126
3850,0.227466464
3851,0.999776006
3852,0.39982605
3853,0.079902977
3854,0.089768648
3855,0.178459495
3856,0.153639168
3857,0.138484135
3858,0.193734989
3859,0.538751602
3860,0.776923001
3861,0.937213242
3862,0.969910085
3863,0.125752851
3864,0.947469175
3865,0.820630968
3866,0.066550374
3867,0.778898478
3868,0.118933983
3869,0.866300941
3870,0.134036332
3871,0.311251163
