1,0.55
2,0.56
3,0.92
4,0.08
5,0.13
6,0.865
7,0.06
8,0.07
9,0.85
10,0.08
11,0.83
12,0.77
13,0.09
14,0.77
15,0.74
16,0.8
17,0.56
18,0.9
19,0.92
20,0.54
21,0.78
22,0.22
23,0.82
24,0.08
25,0.23
26,0.85
27,0.08
28,0.42
29,0.305
30,0.82
31,0.8
32,0.15
33,0.19
34,0.91
35,0.66
36,0.13
37,0.25
38,0.07
39,0.56
40,0.07
41,0.66
42,0.44
43,0.85
44,0.63
45,0.94
46,0.91
47,0.6
48,0.85
49,0.86
50,0.35
51,0.95
52,0.55
53,0.78
54,0.9
55,0.96
56,0.92
57,0.08
58,0.55
59,0.78
60,0.89
61,0.68
62,0.05
63,0.64
64,0.89
65,0.21
66,0.64
67,0.84
68,0.17
69,0.79
70,0.77
71,0.15
72,0.33
73,0.1
74,0.75
75,0.18
76,0.15
77,0.25
78,0.92
79,0.68
80,0.84
81,0.9
82,0.12
83,0.86
84,0.86
85,0.9
86,0.85
87,0.93
88,0.06
89,0.83
90,0.07
91,0.83
92,0.21
93,0.05
94,0.62
95,0.93
96,0.9
97,0.43
98,0.92
99,0.63
100,0.44
101,0.92
102,0.85
103,0.88
104,0.77
105,0.31
106,0.84
107,0.92
108,0.9
109,0.78
110,0.69
111,0.07
112,0.81
113,0.92
114,0.82
115,0.88
116,0.22
117,0.735
118,0.9
119,0.05
120,0.865
121,0.06
122,0.9
123,0.16
124,0.9
125,0.89
126,0.75
127,0.54
128,0.08
129,0.89
130,0.89
131,0.06
132,0.31
133,0.9
134,0.115
135,0.04
136,0.34
137,0.9
138,0.88
139,0.555
140,0.13
141,0.86
142,0.89
143,0.4
144,0.34
145,0.85
146,0.81
147,0.83
148,0.72
149,0.74
150,0.76
151,0.89
152,0.11
153,0.85
154,0.8
155,0.33
156,0.84
157,0.92
158,0.92
159,0.79
160,0.9
161,0.17
162,0.91
163,0.9
164,0.215
165,0.94
166,0.04
167,0.86
168,0.67
169,0.33
170,0.81
171,0.15
172,0.12
173,0.51
174,0.94
175,0.82
176,0.84
177,0.88
178,0.84
179,0.23
180,0.12
181,0.24
182,0.07
183,0.81
184,0.83
185,0.81
186,0.85
187,0.93
188,0.87
189,0.98
190,0.94
191,0.66
192,0.81
193,0.13
194,0.08
195,0.9
196,0.62
197,0.39
198,0.89
199,0.36
200,0.09
201,0.82
202,0.09
203,0.21
204,0.1
205,0.13
206,0.93
207,0.81
208,0.94
209,0.3
210,0.92
211,0.25
212,0.05
213,0.85
214,0.89
215,0.79
216,0.2
217,0.046567164
218,0.46
219,0.43
220,0.22238806
221,0.67
222,0.93
223,0.9
224,0.63
225,0.11
226,0.8
227,0.6
228,0.19
229,0.11
230,0.13
231,0.82
232,0.05
233,0.92
234,0.1
235,0.83
236,0.32
237,0.1
238,0.82
239,0.58
240,0.08
241,0.08
242,0.91
243,0.85
244,0.96
245,0.78
246,0.96
247,0.79
248,0.85
249,0.74
250,0.94
251,0.76
252,0.07
253,0.1
254,0.08
255,0.84
256,0.2
257,0.84
258,0.53
259,0.69
260,0.93
261,0.25
262,0.87
263,0.93
264,0.89
265,0.52
266,0.98
267,0.84
268,0.12
269,0.84
270,0.09
271,0.77
272,0.09
273,0.77
274,0.82
275,0.09
276,0.91
277,0.42
278,0.96
279,0.86
280,0.04
281,0.85
282,0.44
283,0.12
284,0.56
285,0.82
286,0.94
287,0.51
288,0.11
289,0.09
290,0.19
291,0.18
292,0.81
293,0.07
294,0.07
295,0.13
296,0.9
297,0.9
298,0.51
299,0.98
300,0.77
301,0.09
302,0.94
303,0.78
304,0.63
305,0.26
306,0.08
307,0.92
308,0.86
309,0.49
310,0.24
311,0.9
312,0.84
313,0.85
314,0.16
315,0.19
316,0.73
317,0.9
318,0.91
319,0.95
320,0.07
321,0.82
322,0.84
323,0.69
324,0.62
325,0.74
326,0.83
327,0.09
328,0.83
329,0.81
330,0.9
331,0.81
332,0.9
333,0.06
334,0.04
335,0.05
336,0.9
337,0.81
338,0.92
339,0.53
340,0.8
341,0.96
342,0.39
343,0.2
344,0.39
345,0.88
346,0.85
347,0.82
348,0.08
349,0.16
350,0.87
351,0.07
352,0.53
353,0.62
354,0.93
355,0.53
356,0.14
357,0.53
358,0.96
359,0.9
360,0.92
361,0.41
362,0.93
363,0.14
364,0.45
365,0.11
366,0.9
367,0.95
368,0.03
369,0.35
370,0.31
371,0.72
372,0.2
373,0.06
374,0.89
375,0.38
376,0.565
377,0.91
378,0.27
379,0.07
380,0.06
381,0.87
382,0.31
383,0.13
384,0.05
385,0.91
386,0.1
387,0.91
388,0.85
389,0.71
390,0.75
391,0.91
392,0.91
393,0.75
394,0
395,0.08
396,0.91
397,0.765
398,0.59
399,0.9
400,0.89
401,0.88
402,0.86
403,0.85
404,0.31
405,0.44
406,0.91
407,0.93
408,0.51
409,0.9
410,0.94
411,0.29
412,0.79
413,0.23
414,0.07
415,0.71
416,0.89
417,0.71
418,0.08
419,0.94
420,0.65
421,0.1
422,0.14
423,0.83
424,0.72
425,0.17
426,0.11
427,0.01
428,0.88
429,0.18
430,0.89
431,0.63
432,0.78
433,0.83
434,0.88
435,0.395
436,0.82
437,0.85
438,0.56
439,0.93
440,0.11
441,0.14
442,0.88
443,0.93
444,0.9
445,0.89
446,0.11
447,0.89
448,0.89
449,0.71
450,0.89
451,0.26
452,0.455
453,0.93
454,0.14
455,0.89
456,0.76
457,0.92
458,0.85
459,0.96
460,0.73
461,0.37
462,0.08
463,0.14
464,0.71
465,0.85
466,0.77
467,0.6
468,0.16
469,0.83
470,0.98
471,0.84
472,0.67
473,0.85
474,0.07
475,0.25
476,0.9
477,0.1
478,0.11
479,0.08
480,0.33
481,0.05
482,0.87
483,0.07
484,0.91
485,0.15
486,0.87
487,0.65
488,0.16
489,0.81
490,0.88
491,0.305
492,0.24
493,0.85
494,0.87
495,0.87
496,0.12
497,0.85
498,0.08
499,0.7
500,0.95
501,0.88
502,0.06
503,0.57
504,0.05
505,0.93
506,0.25
507,0.21
508,0.77
509,0.83
510,0.19
511,0.91
512,0.23
513,0.73
514,0.08
515,0.02
516,0.93
517,0.91
518,0.4
519,0.87
520,0.14
521,0.7
522,0.15
523,0.94
524,0.94
525,0.95
526,0.77
527,0.34
528,0.94
529,0.695
530,0.08
531,0.87
532,0.77
533,0.765
534,0.08
535,0.92
536,0.77
537,0.92
538,0.11
539,0.87
540,0.56
541,0.05
542,0.71
543,0.08
544,0.61
545,0.05
546,0.84
547,0.83
548,0.38
549,0.93
550,0.29
551,0.855
552,0.12
553,0.08
554,0.72
555,0.79
556,0.9
557,0.48
558,0.23
559,0.91
560,0.86
561,0.87
562,0.88
563,0.71
564,0.4
565,0.74
566,0.85
567,0.72
568,0.94
569,0.87
570,0.11
571,0.75
572,0.49
573,0.07
574,0.1
575,0.09
576,0.87
577,0.95
578,0.93
579,0.78
580,0.41
581,0.07
582,0.89
583,0.96
584,0.66
585,0.04
586,0.105
587,0.32
588,0.83
589,0.89
590,0.9
591,0.21
592,0.66
593,0.47
594,0.89
595,0.09
596,0.22
597,0.58
598,0.72
599,0.88
600,0.69
601,0.93
602,0.92
603,0.76
604,0.27
605,0.92
606,0.67
607,0.86
608,0.06
609,0.595
610,0.89
611,0.9
612,0.07
613,0.76
614,0.83
615,0.15
616,0.2
617,0.1
618,0.11
619,0.09
620,0.83
621,0.1
622,0.86
623,0.63
624,0.11
625,0.07
626,0.1
627,0.95
628,0.9
629,0.87
630,0.07
631,0.92
632,0.58
633,0.86
634,0.06
635,0.56
636,0.86
637,0.72
638,0.18
639,0.04
640,0.93
641,0.89
642,0.83
643,0.14
644,0.61
645,0.89
646,0.89
647,0.09
648,0.03
649,0.2
650,0.83
651,0.81
652,0.23
653,0.93
654,0.04
655,0.89
656,0.05
657,0.71
658,0.87
659,0.55
660,0.81
661,0.59
662,0.76
663,0.96
664,0.18
665,0.79
666,0.76
667,0.45
668,0.15
669,0.83
670,0.36
671,0.79
672,0.36
673,0.71
674,0.8
675,0.86
676,0.87
677,0.84
678,0.74
679,0.91
680,0.8
681,0.05
682,0.21
683,0.9
684,0.76
685,0.87
686,0.42
687,0.65
688,0.84
689,0.9
690,0.84
691,0.57
692,0.78
693,0.93
694,0.04
695,0.9
696,0.85
697,0.63
698,0.81
699,0.74
700,0.92
701,0.14
702,0.9
703,0.71
704,0.74
705,0.91
706,0.11
707,0.19
708,0.74
709,0.46
710,0.29
711,0.07
712,0.11
713,0.08
714,0.08
715,0.85
716,0.83
717,0.88
718,0.31
719,0.78
720,0.88
721,0.54
722,0.87
723,0.07
724,0.22
725,0.89
726,0.83
727,0.84
728,0.4
729,0.59
730,0.92
731,0.86
732,0.73
733,0.65
734,0.09
735,0.53
736,0.58
737,0.82
738,0.45
739,0.05
740,0.79
741,0.43
742,0.85
743,0.27
744,0.05
745,0.08
746,0.82
747,0.92
748,0.4
749,0.19
750,0.96
751,0.07
752,0.24
753,0.53
754,0.93
755,0.83
756,0.91
757,0.83
758,0.77
759,0.93
760,0.72
761,0.94
762,1
763,0.19
764,0.88
765,0.04
766,0.91
767,0.9
768,0.58
769,0.81
770,0.71
771,0.16
772,0.77
773,0.1
774,0.86
775,0.18
776,0.84
777,0.76
778,0.08
779,0.13
780,0.92
781,0.1
782,0.07
783,0.59
784,0.87
785,0.92
786,0.63
787,0.2
788,0.29
789,0.12
790,0.09
791,0.65
792,0.06
793,0.78
794,0.89
795,0.13
796,0.08
797,0.84
798,0.75
799,0.9
800,0.76
801,0.28
802,0.82
803,0.54
804,0.7
805,0.9
806,0.92
807,0.79
808,0.835
809,0.93
810,0.89
811,0.91
812,0.72
813,0.71
814,0.85
815,0.74
816,0.855
817,0.86
818,0.85
819,0.49
820,0.82
821,0.71
822,0.08
823,0.725
824,0.13
825,0.88
826,0.92
827,0.29
828,0.91
829,0.88
830,0.69
831,0.69
832,0.82
833,0.81
834,0.34
835,0.75
836,0.96
837,0.91
838,0.105
839,0.85
840,0.255
841,0.89
842,0.7
843,0.8
844,0.13
845,0.48
846,0.09
847,0.08
848,0.11
849,0.6
850,0.55
851,0.92
852,0.12
853,0.27
854,0.24
855,0.59
856,0.76
857,0.83
858,0.24
859,0.06
860,0.37
861,0.735
862,0.9
863,0.91
864,0.88
865,0.48
866,0.84
867,0.6
868,0.05
869,0.12
870,0.05
871,0.07
872,0.94
873,0.94
874,0.655
875,0.26
876,0.36
877,0.87
878,0.88
879,0.9
880,0.61
881,0.11
882,0.755
883,0.83
884,0.87
885,0.14
886,0.85
887,0.15
888,0.89
889,0.69
890,0.2
891,0.48
892,0.21
893,0.04
894,0.14
895,0.67
896,0.9
897,0.89
898,0.66
899,0.74
900,0.7
901,0.91
902,0.68
903,0.88
904,0.27
905,0.85
906,0.92
907,0.35
908,0.84
909,0.04
910,0.87
911,0.81
912,0.07
913,0.12
914,0.08
915,0.46
916,0.92
917,0.13
918,0.55
919,0.12
920,0.05
921,0.06
922,0.92
923,0.54
924,0.84
925,0.09
926,0.14
927,0.92
928,0.4
929,0.94
930,0.89
931,0.94
932,0.58
933,0.9
934,0.6
935,0.86
936,0.72
937,0.58
938,0.88
939,0.85
940,0.9
941,0.54
942,0.86
943,0.12
944,0.85
945,0.19
946,0.68
947,0.74
948,0.97
949,0.79
950,0.31
951,0.09
952,0.93
953,0.09
954,0.28
955,0.82
956,0.91
957,0.16
958,0.53
959,0.89
960,0.93
961,0.91
962,0.88
963,0.9
964,0.08
965,0.07
966,0.28
967,0.09
968,0.06
969,0.71
970,0.83
971,0.07
972,0.08
973,0.34
974,0.91
975,0.09
976,0.22
977,0.13
978,0.73
979,0.07
980,0.06
981,0.58
982,0.05
983,0.03
984,0.13
985,0.65
986,0.07
987,0.89
988,0.935
989,0.86
990,0.8
991,0.83
992,0.77
993,0.91
994,0.91
995,0.11
996,0.87
997,0.12
998,0.88
999,0.94
1000,0.83
1001,0.1
1002,0.34
1003,0.29
1004,0.06
1005,0.09
1006,0.18
1007,0.41
1008,0.35
1009,0.79
1010,0.84
1011,0.87
1012,0.45
1013,0.67
1014,0.07
1015,0.82
1016,0.07
1017,0.08
1018,0.1
1019,0.1
1020,0.76
1021,0.84
1022,0.93
1023,0.85
1024,0.85
1025,0.93
1026,0.89
1027,0.06
1028,0.13
1029,0.82
1030,0.68
1031,0.18
1032,0.08
1033,0.84
1034,0.78
1035,0.58
1036,0.16
1037,0.87
1038,0.605
1039,0.86
1040,0.8
1041,0.05
1042,0.87
1043,0.47
1044,0.89
1045,0.92
1046,0.69
1047,0.82
1048,0.82
1049,0.06
1050,0.67
1051,0.07
1052,0.8
1053,0.94
1054,0.14
1055,0.33
1056,0.75
1057,0.89
1058,0.08
1059,0.09
1060,0.2
1061,0.03
1062,0.88
1063,0.89
1064,0.88
1065,0.12
1066,0.67
1067,0.14
1068,0.5
1069,0.87
1070,0.08
1071,0.77
1072,0.06
1073,0.91
1074,0.81
1075,0.82
1076,0.94
1077,0.08
1078,0.82
1079,0.48
1080,0.37
1081,0.02
1082,0.75
1083,0.92
1084,0.58
1085,0.18
1086,0.09
1087,0.04
1088,0.1
1089,0.39
1090,0.22
1091,0.72
1092,0.49
1093,0.78
1094,0.72
1095,0.05
1096,0.84
1097,0.89
1098,0.785
1099,0.09
1100,0.21
1101,0.25
1102,0.36
1103,0.12
1104,0.8
1105,0.63
1106,0.78
1107,0.9
1108,0.06
1109,0.61
1110,0.79
1111,0.69
1112,0.84
1113,0.5
1114,0.42
1115,0.93
1116,0.71
1117,0.38
1118,0.15
1119,0.78
1120,0.59
1121,0.12
1122,0.05
1123,0.12
1124,0.1
1125,0.62
1126,0.81
1127,0.63
1128,0.83
1129,0.88
1130,0.82
1131,0.87
1132,0.92
1133,0.3
1134,0.9
1135,0.1
1136,0.78
1137,0.35
1138,0.88
1139,0.08
1140,0.76
1141,0.78
1142,0.79
1143,0.82
1144,0.03
1145,0.86
1146,0.41
1147,0.52
1148,0.95
1149,0.7
1150,0.2
1151,0.46
1152,0.31
1153,0.89
1154,0.87
1155,0.87
1156,0.87
1157,0.88
1158,0.08
1159,0.67
1160,0.89
1161,0.33
1162,0.84
1163,0.28
1164,0.84
1165,0.93
1166,0.07
1167,0.94
1168,0.76
1169,0.19
1170,0.88
1171,0.69
1172,0.71
1173,0.94
1174,0.2
1175,0.27
1176,0.79
1177,0.11
1178,0.46
1179,0.855
1180,0.6
1181,0.37
1182,0.69
1183,0.12
1184,0.09
1185,0.88
1186,0.04
1187,0.2
1188,0.95
1189,0.91
1190,0.88
1191,0.84
1192,0.95
1193,0.08
1194,0.5
1195,0.84
1196,0.75
1197,0.23
1198,0.1
1199,0.17
1200,0.85
1201,0.18
1202,0.12
1203,0.49
1204,0.2
1205,0.82
1206,0.88
1207,0.59
1208,0.9
1209,0.29
1210,0.09
1211,0.73
1212,0.87
1213,0.08
1214,0.14
1215,0.93
1216,0.9
1217,0.11
1218,0.86
1219,0.89
1220,0.77
1221,0.18
1222,0.18
1223,0.06
1224,0.77
1225,0.07
1226,0.88
1227,0.87
1228,0.92
1229,0.63
1230,0.6
1231,0.03
1232,0.81
1233,0.08
1234,0.11
1235,0.9
1236,0.89
1237,0.84
1238,0.15
1239,0.76
1240,0.73
1241,0.17
1242,0.04
1243,0.72
1244,0.69
1245,0.69
1246,0.93
1247,0.62
1248,0.47
1249,0.16
1250,0.74
1251,0.07
1252,0.87
1253,0.18
1254,0.45
1255,0.2
1256,0.05
1257,0.73
1258,0.11
1259,0.86
1260,0.72
1261,0.07
1262,0.52
1263,0.88
1264,0.59
1265,0.23
1266,0.92
1267,0.93
1268,0.825
1269,0.75
1270,0.66
1271,0.18
1272,0.16
1273,0.87
1274,0.7
1275,0.86
1276,0.89
1277,0.78
1278,0.16
1279,0.91
1280,0.66
1281,0.98119403
1282,0.95
1283,0.74
1284,0.82
1285,0.08
1286,0.91
1287,0.94
1288,0.5
1289,0.94
1290,0.92
1291,0.24
1292,0.875
1293,0.8
1294,0.48
1295,0.78
1296,0.88
1297,0.1
1298,0.2
1299,0.92
1300,0.72
1301,0.95
1302,0.92
1303,0.89
1304,0.91
1305,0.12
1306,0.21
1307,0.82
1308,0.89
1309,0.81
1310,0.86
1311,0.88
1312,0.73
1313,0.13
1314,0.67
1315,0.07
1316,0.03
1317,0.2
1318,0.57
1319,0.21
1320,0.84
1321,0.06
1322,0.17
1323,0.41
1324,0.55
1325,0.15
1326,0.76
1327,0.76
1328,0.13
1329,0.71
1330,0.93
1331,0.83
1332,0.53
1333,0.89
1334,0.42
1335,0.4
1336,0.88
1337,0.73
1338,0.45
1339,0.66
1340,0.92
1341,0.65
1342,0.13
1343,0.56
1344,0.14
1345,0.62
1346,0.06
1347,0.22
1348,0.16
1349,0.85
1350,0.06
1351,0.9
1352,0.22
1353,0.14
1354,0.02
1355,0.21
1356,0.62
1357,0.2
1358,0.1
1359,0.15
1360,0.88
1361,0.1
1362,0.22
1363,0.18
1364,0.74
1365,0.09
1366,0.05
1367,0.88
1368,0.27
1369,0.815
1370,0.06
1371,0.02
1372,0.87
1373,0.88
1374,0.1
1375,0.09
1376,0.05
1377,0.11
1378,0.17
1379,0.89
1380,0.9
1381,0.94
1382,0.89
1383,0.84
1384,0.48
1385,0.64
1386,0.4
1387,0.22
1388,0.1
1389,0.09
1390,0.91
1391,0.43
1392,0.12
1393,0.73
1394,0.88
1395,0.77
1396,0.81
1397,0.81
1398,0.88
1399,0.79
1400,0.18
1401,0.595
1402,0.82
1403,0.13
1404,0.23
1405,0.14
1406,0.8
1407,0.8
1408,0.09
1409,0.05
1410,0.87
1411,0.935
1412,0.26
1413,0.94
1414,0.795
1415,0.91
1416,0.88
1417,0.77
1418,0.07
1419,0.88
1420,0.33
1421,0.12
1422,0.14
1423,0.09
1424,0.94
1425,0.05
1426,0.06
1427,0.11
1428,0.85
1429,0.13
1430,0.1
1431,0.79
1432,0.53
1433,0.16
1434,0.88
1435,0.86
1436,0.94
1437,0.91
1438,0.76
1439,0.86
1440,0.06
1441,0.275
1442,0.06
1443,0.16
1444,0.12
1445,0.44
1446,0.77
1447,0.81
1448,0.89
1449,0.34
1450,0.94
1451,0.17
1452,0.85
1453,0.84
1454,0.16
1455,0.09
1456,0.17
1457,0.72
1458,0.89
1459,0.91
1460,0.85
1461,0.23
1462,0.37
1463,0.42
1464,0.86
1465,0.18
1466,0.16
1467,0.95
1468,0.09
1469,0.88
1470,0.22
1471,0.09
1472,0.89
1473,0.87
1474,0.15
1475,0.94
1476,0.87
1477,0.1
1478,0.1
1479,0.19
1480,0.39
1481,0.84
1482,0.17
1483,0.16
1484,1
1485,0.25
1486,0.9
1487,0.41
1488,0.11
1489,0.85
1490,0.87
1491,0.2
1492,0.92
1493,0.13
1494,0.86
1495,0.8
1496,0.06
1497,0.89
1498,0.83
1499,0.89
1500,0.81
1501,0.15
1502,0.55
1503,0.04
1504,0.79
1505,0.09
1506,0.73
1507,0.09
1508,0.97
1509,0.69
1510,0.74
1511,0.31
1512,0.88
1513,0.9
1514,0.19
1515,0.11
1516,0.66
1517,0.77
1518,0.17
1519,0.08
1520,0.96
1521,0.86
1522,0.95
1523,0.16
1524,0.57
1525,0.89
1526,0.16
1527,0.42
1528,0.87
1529,0.775
1530,0.89
1531,0.87
1532,0.16
1533,0.07
1534,0.85
1535,0.13
1536,0.73
1537,0.87
1538,0.09
1539,0.13
1540,0.89
1541,0.37
1542,0.15
1543,0.38
1544,0.91
1545,0.94
1546,0.83
1547,0.89
1548,0.645
1549,0.03
1550,0.06
1551,0.05
1552,0.05
1553,0.14
1554,0.13
1555,0.09
1556,0.79
1557,0.05
1558,0.29
1559,0.86
1560,0.42
1561,0.46
1562,0.72
1563,0.85
1564,0.82
1565,0.88
1566,0.05
1567,0.35
1568,0.43
1569,0.39
1570,0.8
1571,0.1
1572,0.58
1573,0.84
1574,0.97
1575,0.92
1576,0.88
1577,0.61
1578,0.08
1579,0.16
1580,0.9
1581,0.12
1582,0.19
1583,0.7
1584,0.83
1585,0.54
1586,0.81
1587,0.93
1588,0.7
1589,0.88
1590,0.94
1591,0.13
1592,0.78
1593,0.81
1594,0.13
1595,0.08
1596,0.24
1597,0.87
1598,0.9
1599,0.09
1600,0.68
1601,0.31
1602,0.76
1603,0.67
1604,0.59
1605,0.11
1606,0.92
1607,0.8
1608,0.85
1609,0.77
1610,0.82
1611,0.78
1612,0.85
1613,0.17
1614,0.86
1615,0.96
1616,0.41
1617,0.35
1618,0.82
1619,0.83
1620,0.8
1621,0.83
1622,0.78
1623,0.1
1624,0.27
1625,0.08
1626,0.06
1627,0.04
1628,0.94
1629,0.79
1630,0.64
1631,0.68
1632,0.23
1633,0.53
1634,0.09
1635,0.13
1636,0.15
1637,0.07
1638,0.87
1639,0.84
1640,0.39
1641,0.09
1642,0.9
1643,0.84
1644,0.88
1645,0.15
1646,0.82
1647,0.84
1648,0.785
1649,0.89
1650,0.8
1651,0.95
1652,0.05
1653,0.87
1654,0.91
1655,0.79
1656,0.46
1657,0.6
1658,0.03
1659,0.89
1660,0.77
1661,0.3
1662,0.84
1663,0.64
1664,0.09
1665,0.11
1666,0.465
1667,0.54
1668,0.96
1669,0.84
1670,0.35
1671,0.83
1672,0.91
1673,0.4
1674,0.16
1675,0.34
1676,0.13
1677,0.89
1678,0.74
1679,0.12
1680,0.8
1681,0.68
1682,0.53
1683,0.94
1684,0.04
1685,0.42
1686,0.04
1687,0.06
1688,0.85
1689,0.75
1690,0.69
1691,0.1
1692,0.28
1693,0.83
1694,0.19
1695,0.5
1696,0.93
1697,0.88
1698,0.1
1699,0.86
1700,0.09
1701,0.15
1702,0.79
1703,0.63
1704,0.14
1705,0.12
1706,0.24
1707,0.9
1708,0.37
1709,0.24
1710,0.17
1711,0.11
1712,0.08
1713,0.61
1714,0.05
1715,0.3
1716,0.96
1717,0.17
1718,0.09
1719,0.11
1720,0.77
1721,0.11
1722,0.88
1723,0.92
1724,0.11
1725,0.75
1726,0.06
1727,0.99
1728,0.49
1729,0.84
1730,0.87
1731,0.05
1732,0.64
1733,0.11
1734,0.1
1735,0.86
1736,0.18
1737,0.88
1738,0.84
1739,0.65
1740,0.07
1741,0.22
1742,0.23
1743,0.09
1744,0.88
1745,0.46
1746,0.935
1747,0.63
1748,0.21
1749,0.17
1750,0.84
1751,0.15
1752,0.08
1753,0.62
1754,0.67
1755,0.89
1756,0.15
1757,0.87
1758,0.73
1759,0.71
1760,0.63
1761,0.27
1762,0.84
1763,0.9
1764,0.82
1765,0.09
1766,0.94
1767,0.39
1768,0.87
1769,0.51
1770,0.15
1771,0.91
1772,0.83
1773,0.84
1774,0.23
1775,0.05
1776,0.92
1777,0.33
1778,0.88
1779,0.04
1780,0.1
1781,0.7
1782,0.23
1783,0.34
1784,0.86
1785,0.15
1786,0.9
1787,0.71
1788,0.09
1789,0.92
1790,0.29
1791,0.58
1792,0.97
1793,0.18
1794,0.78
1795,0.66
1796,0.05
1797,0.18
1798,0.06
1799,0.05
1800,0.89
1801,0.04
1802,0.11
1803,0.88
1804,0.07
1805,0.93
1806,0.13
1807,0.62
1808,0.89
1809,0.18
1810,0.09
1811,0.06
1812,0.09
1813,0.95
1814,0.02
1815,0.96
1816,0.05
1817,0.86
1818,0.16
1819,0.33
1820,0.6
1821,0.76
1822,0.89
1823,0.84
1824,0.5
1825,0.81
1826,0.85
1827,0.93
1828,0.12
1829,0.3
1830,0.16
1831,0.64
1832,0.8
1833,0.16
1834,0.11
1835,0.68
1836,0.79
1837,0.1
1838,0.27
1839,0.82
1840,0.715
1841,0.89
1842,0.35
1843,0.9
1844,0.87
1845,0.82
1846,0.91
1847,0.925
1848,0.08
1849,0.84
1850,0.28
1851,0.82
1852,0.04
1853,0.88
1854,0.95
1855,0.81
1856,0.35
1857,0.59
1858,0.42
1859,0.08
1860,0.54
1861,0.15
1862,0.15
1863,0.09
1864,0.07
1865,0.07
1866,0.127014925
1867,0.925
1868,0.22
1869,0.81
1870,0.51
1871,0.16
1872,0.06
1873,0.87
1874,0.07
1875,0.89
1876,0.17
1877,0.09
1878,0.87
1879,0.11
1880,0.41
1881,0.64
1882,0.94
1883,0.16
1884,0.92
1885,0.09
1886,0.03
1887,0.12
1888,0.1
1889,0.78
1890,0.12
1891,0.22
1892,0.83
1893,0.15
1894,0.39
1895,0.15
1896,0.9
1897,0.9
1898,0.29
1899,0.64
1900,0.53
1901,0.05
1902,0.96
1903,0.86
1904,0.4
1905,0.84
1906,0.11
1907,0.4
1908,0.18
1909,0.1
1910,0.82
1911,0.08
1912,0.785
1913,0.86
1914,0.88
1915,0.69
1916,0.09
1917,0.13
1918,0.21
1919,0.119402985
1920,0.05
1921,0.96
1922,0.06
1923,0.565
1924,0.86
1925,0.94
1926,0.16
1927,0.77
1928,0.08
1929,0.76
1930,0.04
1931,0.06
1932,0.92
1933,0.27
1934,0.55
1935,0.76
1936,0.89
1937,0.28
1938,0.19
1939,0.86
1940,0.05
1941,0.86
1942,0.81
1943,0.35
1944,0.89
1945,0.13
1946,0.76
1947,0.1
1948,0.09
1949,0.12
1950,0.11
1951,0.12
1952,0.85
1953,0.2
1954,0.72
1955,0.9
1956,0.81
1957,0.84
1958,0.41
1959,0.9
1960,0.18
1961,0.07
1962,0.76
1963,0.9
1964,0.92
1965,0.71
1966,0.94
1967,0.85
1968,0.86
1969,0.06
1970,0.15
1971,0.03
1972,0.05
1973,0.47
1974,0.1
1975,0.92
1976,0.5
1977,0.13
1978,0.19
1979,0.06
1980,0.775
1981,0.43
1982,0.68
1983,0.5
1984,0.16
1985,0.9
1986,0.12
1987,0.14
1988,0.16
1989,0.33
1990,0.57
1991,0.14
1992,0.11
1993,0.83
1994,0.85
1995,0.73
1996,0.05
1997,0.92
1998,0.8
1999,0.37
2000,0.91
2001,0.765
2002,0.12
2003,0.1
2004,0.36
2005,0.68
2006,0.71
2007,0.22
2008,0.21
2009,0.9
2010,0.65
2011,0.71
2012,0.66
2013,0.79
2014,0.46
2015,0.11
2016,0.825
2017,0.82
2018,0.89
2019,0.91
2020,0.88
2021,0.86
2022,0.73
2023,0.05
2024,0.1
2025,0.1
2026,0.62
2027,0.79
2028,0.09
2029,0.65
2030,0.05
2031,0.62
2032,0.3
2033,0.06
2034,0.11
2035,0.92
2036,0.97
2037,0.41
2038,0.4
2039,0.17
2040,0.56
2041,0.56
2042,0.47
2043,0.23
2044,0.88
2045,0.73
2046,0.89
2047,0.66
2048,0.7
2049,0.81
2050,0.13
2051,0.58
2052,0.95
2053,0.82
2054,0.53
2055,0.9
2056,0.1
2057,0.11
2058,0.21
2059,0.1
2060,0.74
2061,0.54
2062,0.95
2063,0.57
2064,0.79
2065,0.46
2066,0.8
2067,0.21
2068,0.71
2069,0.33
2070,0.85
2071,0.11
2072,0.11
2073,0.34
2074,0.25
2075,0.63
2076,0.26
2077,0.09
2078,0.08
2079,0.73
2080,0.45
2081,0.9
2082,0.38
2083,0.66
2084,0.76
2085,0.87
2086,0.95
2087,0.29
2088,0.76
2089,0.1
2090,0.04
2091,0.85
2092,0.78
2093,0.46
2094,0.73
2095,0.06
2096,0.48
2097,0.9
2098,0.13
2099,0.755
2100,0.45
2101,0.03
2102,0.25
2103,0.09
2104,0.18
2105,0.9
2106,0.09
2107,0.49
2108,0.16
2109,0.14
2110,0.8
2111,0.1
2112,0.04
2113,0.11
2114,0.32
2115,0.34
2116,0.625
2117,0.74
2118,0.08
2119,0.79
2120,0.66
2121,0.85
2122,0.465
2123,0.71
2124,0.72
2125,0.1
2126,0.9
2127,0.43
2128,0.13
2129,0.76
2130,0.52
2131,0.17
2132,0.42
2133,0.09
2134,0.86
2135,0.9
2136,0.58
2137,0.06
2138,0.19
2139,0.14
2140,0.74
2141,0.2
2142,0.04
2143,0.93
2144,0.88
2145,0.18
2146,0.17
2147,0.07
2148,0.13
2149,0.85
2150,0.47
2151,0.61
2152,0.85
2153,0.19
2154,0.71
2155,0.91
2156,0.03
2157,0.9
2158,0.74
2159,0.06
2160,0.87
2161,0.06
2162,0.71
2163,0.895
2164,0.04
2165,0.16
2166,0.14
2167,0.08
2168,0.83
2169,0.88
2170,0.34
2171,0.14
2172,0.56
2173,0.12
2174,0.15
2175,0.93
2176,0.79
2177,0.89
2178,0.17
2179,0.1
2180,0.91
2181,0.62
2182,0.815
2183,0.29
2184,0.68
2185,0.76
2186,0.08
2187,0.86
2188,0.36
2189,0.8
2190,0.08
2191,0.87
2192,0.91
2193,0.04
2194,0.1
2195,0.09
2196,0.1
2197,0.95
2198,0.76
2199,0.9
2200,0.92
2201,0.83
2202,0.1
2203,0.1
2204,0.86
2205,0.46
2206,0.4
2207,0.11
2208,0.23
2209,0.11
2210,0.88
2211,0.85
2212,0.88
2213,0.36
2214,0.81
2215,0.22
2216,0.66
2217,0.35
2218,0.85
2219,0.18
2220,0.17
2221,0.9
2222,0.32
2223,0.12
2224,0.93
2225,0.66
2226,0.52
2227,0.74
2228,0.04
2229,0.68
2230,0.63
2231,0.11
2232,0.14
2233,0.11
2234,0.78
2235,0.06
2236,0.66
2237,0.82
2238,0.1
2239,0.07
2240,0.07
2241,0.85
2242,0.25
2243,0.9
2244,0.9
2245,0.1
2246,0.04
2247,0.36
2248,0.91
2249,0.37
2250,0.26
2251,0.58
2252,0.775
2253,0.06
2254,0.29
2255,0.76
2256,0.2
2257,0.18
2258,0.14
2259,0.16
2260,0.19
2261,0.85
2262,0.89
2263,0.9
2264,0.11
2265,0.62
2266,0.12
2267,0.48
2268,0.79
2269,0.06
2270,0.16
2271,0.85
2272,0.79
2273,0.67
2274,0.05
2275,0.21
2276,0.86
2277,0.07
2278,0.11
2279,0.73
2280,0.88
2281,0.84
2282,0.59
2283,0.92
2284,0.14
2285,0.92
2286,0.82
2287,0.83
2288,0.11
2289,0.73
2290,0.83
2291,0.18
2292,0.55
2293,0.93
2294,0.73
2295,0.58
2296,0.22
2297,0.04
2298,0.07
2299,0.79
2300,0.16
2301,0.1
2302,0.49
2303,0.98
2304,0.15
2305,0.525
2306,0.09
2307,0.87
2308,0.42
2309,0.17
2310,0.89
2311,0.74
2312,0.91
2313,0.18
2314,0.91
2315,0.55
2316,0.13
2317,0.12
2318,0.83
2319,0.84
2320,0.92
2321,0.73
2322,0.06
2323,0.14
2324,0.2
2325,0.81
2326,0.19
2327,0.12
2328,0.15
2329,0.92
2330,0.07
2331,0.84
2332,0.72
2333,0.21
2334,0.92
2335,0.93
2336,0.95
2337,0.15
2338,0.58
2339,0.08
2340,0.85
2341,0.82
2342,0.41
2343,0.13
2344,0.28
2345,0.59
2346,0.895
2347,0.03
2348,0.39
2349,0.19
2350,0.86
2351,0.9
2352,0.72
2353,0.06
2354,0.94
2355,0.86
2356,0.72
2357,0.64
2358,0.8
2359,0.95
2360,0.555
2361,0.71
2362,0.97
2363,0.87
2364,0.54
2365,0.84
2366,0.76
2367,0.83
2368,0.2
2369,0.78
2370,0.14
2371,0.2
2372,0.54
2373,0.18
2374,0.82
2375,0.19
2376,0.07
2377,0.2
2378,0.33
2379,0.84
2380,0.09
2381,0.05
2382,0.68
2383,0.08
2384,0.44
2385,0.25
2386,0.66
2387,0.78
2388,0.08
2389,0.89
2390,0.66
2391,0.43
2392,0.92
2393,0.96
2394,0.89
2395,0.32
2396,0.76
2397,0.1
2398,0.19
2399,0.85
2400,0.09
2401,0.94
2402,0.09
2403,0.63
2404,0.25
2405,0.97
2406,0.43
2407,0.86
2408,0.31
2409,0.44
2410,0.03
2411,0.79
2412,0.09
2413,0.33
2414,0.02
2415,0.75
2416,0.15
2417,0.9
2418,0.46
2419,0.16
2420,0.33
2421,0.12
2422,0.12
2423,0.93
2424,0.81
2425,0.86
2426,0.955
2427,0.94
2428,0.64
2429,0.89
2430,0.06
2431,0.25
2432,0.85
2433,0.06
2434,0.79
2435,0.07
2436,0.1
2437,0.93
2438,0.03
2439,0.36
2440,0.8
2441,0.52
2442,0.8
2443,0.1
2444,0.11
2445,0.875
2446,0.85
2447,0.93
2448,0.83
2449,0.85
2450,0.88
2451,0.73
2452,0.09
2453,0.79
2454,0.78
2455,0.52
2456,0.5
2457,0.18
2458,0.08
2459,0.89
2460,0.09
2461,0.09
2462,0.12
2463,0.38
2464,0.9
2465,0.46
2466,0.06
2467,0.1
2468,0.905
2469,0.18
2470,0.85
2471,0.92
2472,0.74
2473,0.92
2474,0.81
2475,0.78
2476,0.1
2477,0.1
2478,0.03
2479,0.119402985
2480,0.88
2481,0.19
2482,0.07
2483,0.04
2484,0.8
2485,0.07
2486,0.85
2487,0.1
2488,0.95
2489,0.75
2490,0.19
2491,0.16
2492,0.66
2493,0.86
2494,0.19
2495,0.87
2496,0.94
2497,0.74
2498,0.06
2499,0.9
2500,0.92
2501,0.55
2502,0.4
2503,0.86
2504,0.24
2505,0.14
2506,0.08
2507,0.13
2508,0.275
2509,0.31
2510,0.2
2511,0.92
2512,0.94
2513,0.08
2514,0.19
2515,0.9
2516,0.8
2517,0.7
2518,0.17
2519,0.85
2520,0.14
2521,0.05
2522,0.14
2523,0.75
2524,0.94
2525,0.12
2526,0.07
2527,0.08
2528,0.77
2529,0.15
2530,0.08
2531,0.81
2532,0.04
2533,0.16
2534,0.06
2535,0.07
2536,0.89
2537,0.03
2538,0.79
2539,0.395
2540,0.05
2541,0.87
2542,0.89
2543,0.88
2544,0.84
2545,0.5
2546,0.1
2547,0.06
2548,0.08
2549,0.39
2550,0.16
2551,0.07
2552,0.13
2553,0.92
2554,0.765
2555,0.75
2556,0.82
2557,0.06
2558,0.04
2559,0.03
2560,0.27
2561,0.83
2562,0.24
2563,0.63
2564,0.9
2565,0.53
2566,0.85
2567,0.18
2568,0.36
2569,0.91
2570,0.07
2571,0.24
2572,0.46
2573,0.85
2574,0.89
2575,0.05
2576,0.26
2577,0.78
2578,0.88
2579,0.4
2580,0.84
2581,0.485
2582,0.32
2583,0.38
2584,0.9
2585,0.02
2586,0.09
2587,0.09
2588,0.275
2589,0.96
2590,0.07
2591,0.97
2592,0.87
2593,0.9
2594,0.13
2595,0.61
2596,0.73
2597,0.59
2598,0.88
2599,0.11
2600,0.82
2601,0.119402985
2602,0.05
2603,0.13
2604,0.57
2605,0.09
2606,0.119402985
2607,0.88
2608,0.32
2609,0.09
2610,0.06
2611,0.15
2612,0.86
2613,0.07
2614,0.87
2615,0.89
2616,0.23
2617,0.64
2618,0.7
2619,0.82
2620,0.79
2621,0.06
2622,0.21
2623,0.84
2624,0.86
2625,0.16
2626,0.97
2627,0.34
2628,0.95
2629,0.31
2630,0.09
2631,0.06
2632,0.4
2633,0.43
2634,0.28
2635,0.08
2636,0.94
2637,0.09
2638,0.81
2639,0.1
2640,0.78
2641,0.2
2642,0.1
2643,0.4
2644,0.08
2645,0.09
2646,0.08
2647,0.22
2648,0.16
2649,0.11
2650,0.95
2651,0.87
2652,0.1
2653,0.53
2654,0.12
2655,0.69
2656,0.78
2657,0.1
2658,0.04
2659,0.13
2660,0.94
2661,0.57
2662,0.1
2663,0.68
2664,0.97
2665,0.07
2666,0.69
2667,0.19
2668,0.51
2669,0.63
2670,0.06
2671,0.48
2672,0.12
2673,0.94
2674,0.12
2675,0.56
2676,0.93
2677,0.67
2678,0.06
2679,0.14
2680,0.92
2681,0.92
2682,0.16
2683,0.15
2684,0.67
2685,0.9
2686,0.52
2687,0.1
2688,0.4
2689,0.715
2690,0.61
2691,0.93
2692,0.73
2693,0.15
2694,0.15
2695,0.925
2696,0.5
2697,0.08
2698,0.13
2699,0.69
2700,0.04
2701,0.05
2702,0.16
2703,0.18
2704,0.82
2705,0.09
2706,0.13
2707,0.93
2708,0.79
2709,0.25
2710,0.93
2711,0.08
2712,0.19
2713,0.88
2714,0.91
2715,0.91
2716,0.21
2717,0.067462687
2718,0.9
2719,0.28
2720,0.95
2721,0.65
2722,0.15
2723,0.82
2724,0.12
2725,0.27
2726,0.87
2727,0.07
2728,0.8
2729,0.9
2730,0.1
2731,0.53
2732,0.75
2733,0.11
2734,0.86
2735,0.85
2736,0.14
2737,0.08
2738,0.45
2739,0.44
2740,0.11
2741,0.11
2742,0.07
2743,0.04
2744,0.86
2745,0.94
2746,0.41
2747,0.94
2748,0.05
2749,0.24
2750,0.05
2751,0.62
2752,0.1
2753,0.82
2754,0.53
2755,0.09
2756,0.49
2757,0.32
2758,0.06
2759,0.98
2760,0.67
2761,0.11
2762,0.34
2763,0.93
2764,0.86
2765,0.19
2766,0.9
2767,0.79
2768,0.14
2769,0.85
2770,0.08
2771,0.33
2772,0.55
2773,0.77
2774,0.13
2775,0.79
2776,0.81
2777,0.8
2778,0.91
2779,0.1
2780,0.81
2781,0.12
2782,0.86
2783,0.1
2784,0.795
2785,0.07
2786,0.19
2787,0.02
2788,0.27
2789,0.06
2790,0.09
2791,0.12
2792,0.91
2793,0.12
2794,0.3
2795,0.84
2796,0.09
2797,0.13
2798,0.88
2799,0.15
2800,0.63
2801,0.86
2802,0.87
2803,0.8
2804,0.05
2805,0.14
2806,0.12
2807,0.91
2808,0.09
2809,0.82
2810,0.88
2811,0.53
2812,0.85
2813,0.93
2814,0.96
2815,0.7
2816,0.11
2817,0.78
2818,0.1
2819,0.69
2820,0.14
2821,0.87
2822,0.88
2823,0.050746269
2824,0.715
2825,0.71
2826,0.86
2827,0.07
2828,0.9
2829,0.15
2830,0.8
2831,0.15
2832,0.85
2833,0.1
2834,0.84
2835,0.27
2836,0.77
2837,0.06
2838,0.13
2839,0.86
2840,0.11
2841,0.89
2842,0.55
2843,0.15
2844,0.91
2845,0.11
2846,0.19
2847,0.535
2848,0.16
2849,0.67
2850,0.73
2851,0.87
2852,0.91
2853,0.71
2854,0.9
2855,0.11
2856,0.08
2857,0.86
2858,0.16
2859,0.3
2860,0.06
2861,0.7
2862,0.46
2863,0.08
2864,0.63
2865,0.17
2866,0.93
2867,0.16
2868,0.08
2869,0.12
2870,0.12
2871,0.1
2872,0.83
2873,0.16
2874,0.21
2875,0.78
2876,0.66
2877,0.83
2878,0.28
2879,0.9
2880,0.07
2881,0.48
2882,0.81
2883,0.11
2884,0.04
2885,0.85
2886,0.12
2887,0.48
2888,0.88
2889,0.91
2890,0.92
2891,0.09
2892,0.34
2893,0.75
2894,0.08
2895,0.36
2896,0.84
2897,0.3
2898,0.32
2899,0.04
2900,0.87
2901,0.81
2902,0.12
2903,0.14
2904,0.09
2905,0.65
2906,0.71
2907,0.82
2908,0.08
2909,0.03
2910,0.6
2911,0.65
2912,0.12
2913,0.89
2914,0.92
2915,0.63
2916,0.94
2917,0.12
2918,0.44
2919,0.93
2920,0.11
2921,0.13
2922,0.18
2923,0.68
2924,0.18
2925,0.12
2926,0.79
2927,0.23
2928,0.19
2929,0.87
2930,0.83
2931,0.33
2932,0.73
2933,0.1
2934,0.98
2935,0.13
2936,0.16
2937,0.18
2938,0.2
2939,0.65
2940,0.195
2941,0.36
2942,0.05
2943,0.22
2944,0.36
2945,0.91
2946,0.24
2947,0.85
2948,0.84
2949,0.83
2950,0.15
2951,0.24
2952,0.29
2953,0.15
2954,0.07
2955,0.24
2956,0.08
2957,0.95
2958,0.82
2959,0.86
2960,0.94
2961,0.22
2962,0.85
2963,0.79
2964,0.089253731
2965,0.99
2966,0.42
2967,0.61
2968,0.8
2969,0.08
2970,0.14
2971,0.02
2972,0.87
2973,0.14
2974,0.4
2975,0.07
2976,0.31
2977,0.18
2978,0.07
2979,0.11
2980,0.87
2981,0.03
2982,0.13
2983,0.65
2984,0.09
2985,0.36
2986,0.74
2987,0.09
2988,0.06
2989,0.11
2990,0.94
2991,0.19
2992,0.12
2993,0.1
2994,0.93
2995,0.09
2996,0.37
2997,0.05
2998,0.09
2999,0.119402985
3000,0.18
3001,0.09
3002,0.09
3003,0.8
3004,0.03
3005,0.66
3006,0.54
3007,0.119402985
3008,0.12
3009,0.28
3010,0.17
3011,0.08
3012,0.55
3013,0.03
3014,0.57
3015,0.09
3016,0.23
3017,0.76
3018,0.63
3019,0.28
3020,0.29
3021,0.92
3022,0.2
3023,0.13
3024,0.09
3025,0.07
3026,0.1
3027,0.07
3028,0.04
3029,0.14
3030,0.03
3031,0.94
3032,0.11
3033,0.2
3034,0.87
3035,0.81
3036,0.81
3037,0.9
3038,0.89
3039,0.12
3040,0.16
3041,0.55
3042,0.88
3043,0.07
3044,0.27
3045,0.06
3046,0.8
3047,0.315
3048,0.16
3049,0.68
3050,0.74
3051,0.91
3052,0.07
3053,0.09
3054,0.11
3055,0.64
3056,0.09
3057,0.08
3058,0.16
3059,0.8
3060,0.91
3061,0.81
3062,0.06
3063,0.61
3064,0.78
3065,0.86
3066,0.43
3067,0.5
3068,0.75
3069,0.07
3070,0.58
3071,0.82
3072,0.17
3073,0.9
3074,0.08
3075,0.12
3076,0.2
3077,0.09
3078,0.95
3079,0.02
3080,0.75
3081,0.45
3082,0.89
3083,0.48
3084,0.88
3085,0.94
3086,0.91
3087,0.95
3088,0.44
3089,0.01
3090,0.03
3091,0.85
3092,0.79
3093,0.92
3094,0.03
3095,0.06
3096,0.01
3097,0.32
3098,0.2
3099,0.77
3100,0.12
3101,0.87
3102,0.7
3103,0.17
3104,0.09
3105,0.76
3106,0.87
3107,0.74
3108,0.88
3109,0.63
3110,0.98
3111,0.75
3112,0.329850746
3113,0.69
3114,0.86
3115,0.52
3116,0.88
3117,0.1
3118,0.65
3119,0.58
3120,0.1
3121,0.07
3122,0.11
3123,0.82
3124,0.83
3125,0.9
3126,0.15
3127,0.03
3128,0.27
3129,0.05
3130,0.66
3131,0.58
3132,0.66
3133,0.13
3134,0.02
3135,0.148507463
3136,0.57
3137,0.28
3138,0.14
3139,0.37
3140,0.42
3141,0.16
3142,0.33
3143,0.76
3144,0.95
3145,0.16
3146,0.04
3147,0.06
3148,0.13
3149,0.87
3150,0.18
3151,0.64
3152,0.08
3153,0.08
3154,0.86
3155,0.04
3156,0.19
3157,0.11
3158,0.12
3159,0.18
3160,0.2
3161,0.36
3162,0.2
3163,0.1
3164,0.18
3165,0.8
3166,0.14
3167,0.28
3168,0.45
3169,0.11
3170,0.14
3171,0.37
3172,0.78
3173,0.1
3174,0.21
3175,0.16
3176,0.7
3177,0.13
3178,0.32
3179,0.09
3180,0.84
3181,0.05
3182,0.5
3183,0.05
3184,0.15
3185,0.07
3186,0.07
3187,0.51
3188,0.06
3189,0.1
3190,0.7
3191,0.16
3192,0.73
3193,0.16
3194,0.72
3195,0.95
3196,0.34
3197,0.48
3198,0.12
3199,0.08
3200,0.14
3201,0.08
3202,0.65
3203,0.92
3204,0.46
3205,0.25
3206,0.94
3207,0.82
3208,0.12
3209,0.56
3210,0.91
3211,0.66
3212,0.07
3213,0.76
3214,0.6
3215,0.27
3216,0.17
3217,0.32
3218,0.75
3219,0.91
3220,0.92
3221,0.02
3222,0.15
3223,0.2
3224,0.74
3225,0.54
3226,0.95
3227,0.06
3228,0.84
3229,0.24
3230,0.161492537
3231,0.91
3232,0.9
3233,0.07
3234,0.03
3235,0.07
3236,0.5
3237,0.19
3238,0.24
3239,0.56
3240,0.87
3241,0.1
3242,0.83
3243,0.9
3244,0.03
3245,0.71
3246,0.14
3247,0.19
3248,0.84
3249,0.47
3250,0.1
3251,0.94
3252,0.05
3253,0.11
3254,0.85
3255,0.88
3256,0.06
3257,0.07
3258,0.34
3259,0.94
3260,0.73
3261,0.19
3262,0.26
3263,0.75
3264,0.92
3265,0.26
3266,0.935
3267,0.177164179
3268,0.79
3269,0.67
3270,0.5
3271,0.1
3272,0.18
3273,0.07
3274,0.64
3275,0.23
3276,0.69
3277,0.09
3278,0.06
3279,0.12
3280,0.07
3281,0.87
3282,0.78
3283,0.83
3284,0.05
3285,0.77
3286,0.63
3287,0.745
3288,0.18
3289,0.11
3290,0.93
3291,0.88
3292,0.11
3293,0.18
3294,0.72
3295,0.16
3296,0.9
3297,0.08
3298,0.73
3299,0.22
3300,0.28
3301,0.86
3302,0.87
3303,0.75
3304,0.12
3305,0.89
3306,0.96
3307,0.82
3308,0.88
3309,0.99
3310,0.15
3311,0.08
3312,0.17
3313,0.17
3314,0.18
3315,0.93
3316,0.74
3317,0.17
3318,0.11
3319,0.09
3320,0.11
3321,0.86
3322,0.09
3323,0.09
3324,0.17
3325,0.09
3326,0.92
3327,0.91
3328,0.23
3329,0.119402985
3330,0.12
3331,0.91
3332,0.16
3333,0.09
3334,0.91
3335,0.31
3336,0.87
3337,0.72
3338,0.68
3339,0.16
3340,0.82
3341,0.54
3342,0.53
3343,0.67
3344,0.07
3345,0.23
3346,0.8
3347,0.69
3348,0.9
3349,0.71
3350,0.91
3351,0.08
3352,0.19
3353,0.17
3354,0.83
3355,0.326567164
3356,0.04
3357,0.11
3358,0.06
3359,0.09
3360,0.78
3361,0.11
3362,0.16
3363,0.14
3364,0.14
3365,0.89
3366,0.32
3367,0.65
3368,0.91
3369,0.84
3370,0.78
3371,0.5
3372,0.14
3373,0.45
3374,0.72
3375,0.54
3376,0.06
3377,0.26
3378,0.07
3379,0.57
3380,0.07
3381,0.815
3382,0.35
3383,0.78
3384,0.82
3385,0.94
3386,0.04
3387,0.03
3388,0.83
3389,0.69
3390,0.12
3391,0.71
3392,0.5
3393,0.75
3394,0.9
3395,0.79
3396,0.11
3397,0.84
3398,0.22
3399,0.89
3400,0.9
3401,0.92
3402,0.79
3403,0.75
3404,0.36
3405,0.9
3406,0.12
3407,0.42
3408,0.85
3409,0.24
3410,0.13
3411,0.92
3412,0.89
3413,0.82
3414,0.15
3415,0.715
3416,0.62
3417,0.38
3418,0.67
3419,0.15
3420,0.89
3421,0.14
3422,0.07
3423,0.91
3424,0.08
3425,0.34
3426,0.47
3427,0.06
3428,0.06
3429,0.19
3430,0.12
3431,0.65
3432,0.5
3433,0.119402985
3434,0.11
3435,0.83
3436,0.079701493
3437,0.11
3438,0.19
3439,0.08
3440,0.56
3441,0.16
3442,0.13
3443,0.1
3444,0.17
3445,0.08
3446,0.24
3447,0.04
3448,0.07
3449,0.119402985
3450,0.86
3451,0.9
3452,0.34
3453,0.81
3454,0.16
3455,0.85
3456,0.23
3457,0.89
3458,0.9
3459,0.38
3460,0.13
3461,0.84
3462,0.119402985
3463,0.43
3464,0.45
3465,0.21
3466,0.95
3467,0.07
3468,0.88
3469,0.8
3470,0.07641791
3471,0.144626866
3472,0.09
3473,0.05
3474,0.06
3475,0.11
3476,0.86
3477,0.79
3478,0.09
3479,0.95
3480,0.94
3481,0.07
3482,0.95
3483,0.07
3484,0.09
3485,0.25
3486,0.2
3487,0.250597015
3488,0.71
3489,0.7
3490,0.09
3491,0.13
3492,0.1
3493,0.82
3494,0.115
3495,0.79
3496,0.69
3497,0.61
3498,0.07
3499,0.09
3500,0.15
3501,0.79
3502,0.26
3503,0.92
3504,0.675
3505,0.64
3506,0.925
3507,0.23
3508,0.03
3509,0.78
3510,0.78
3511,0.2
3512,0.16
3513,0.100298507
3514,0.05
3515,0.18
3516,0.73
3517,0.66
3518,0.41
3519,0.06
3520,0.2
3521,0.379104478
3522,0.11
3523,0.36
3524,0.15
3525,0.78
3526,0.72
3527,0.187164179
3528,0.48
3529,0.17
3530,0.27
3531,0.09
3532,0.12
3533,0.11
3534,0.04
3535,0.8
3536,0.12
3537,0.05
3538,0.3
3539,0.77
3540,0.1
3541,0.07
3542,0.13
3543,0.08
3544,0.06
3545,0.08
3546,0.38
3547,0.06
3548,0.07
3549,0.73
3550,0.78
3551,0.28
3552,0.6
3553,0.2
3554,0.12
3555,0.33
3556,0.92
3557,0.22
3558,0.91
3559,0.39
3560,0.81
3561,0.86
3562,0.14
3563,0.48
3564,0.72
3565,0.92
3566,0.86
3567,0.93
3568,0.11
3569,0.86
3570,0.432686567
3571,0.09
3572,0.75
3573,0.65
3574,0.6
3575,0.66
3576,0.09
3577,0.1
3578,0.94
3579,0.59
3580,0.9
3581,0.89
3582,1
3583,0.575
3584,0.08
3585,0.07
3586,0.63
3587,0.86
3588,0.93
3589,0.48119403
3590,0.87
3591,0.42
3592,0.22
3593,0.1
3594,0.65
3595,0.51
3596,0.94
3597,0.43
3598,0.11
3599,0.21
3600,0.070895522
3601,0.96
3602,0.12
3603,0.88
3604,0.32
3605,0.37
3606,0.186268657
3607,0.3
3608,0.2
3609,0.09
3610,0.04
3611,0.59
3612,0.56
3613,0.79
3614,0.83
3615,0.13
3616,0.1
3617,0.73
3618,0.32
3619,0.33
3620,0.19
3621,0.06
3622,0.72
3623,0.1
3624,0.12
3625,0.25
3626,0.17
3627,0.07
3628,0.94
3629,0.11
3630,0.89
3631,0.73
3632,0.86
3633,0.25
3634,0.19
3635,0.99
3636,0.14
3637,0.75
3638,0.33
3639,0.411940299
3640,0.96
3641,0.66
3642,0.85
3643,0.13
3644,0.7
3645,0.16
3646,0.1
3647,0.1
3648,0.42
3649,0.22
3650,0.96
3651,0.23
3652,0.73
3653,0.58
3654,0.1
3655,0.05
3656,0.89
3657,0.31
3658,0.09
3659,0.54
3660,0.11
3661,0.2
3662,0.92
3663,0.125820896
3664,0.59
3665,0.07
3666,0.85
3667,0.07761194
3668,0.15
3669,0.18
3670,0.5
3671,0.69
3672,0.51
3673,0.94
3674,0.25
3675,0.119402985
3676,0.07
3677,0.91
3678,0.51
3679,0.09
3680,0.31
3681,0.2
3682,0.87
3683,0.28
3684,0.17
3685,0.17
3686,0.14
3687,0.45
3688,0.21
3689,0.07
3690,0.85
3691,0.275
3692,0.48
3693,0.14
3694,0.07
3695,0.23
3696,0.119402985
3697,0.91
3698,0.18
3699,0.28
3700,0.41
3701,0.04
3702,0.119402985
3703,0.87
3704,0.19
3705,0.26
3706,0.2
3707,0.19
3708,0.13
3709,0.119402985
3710,0.01
3711,0.91
3712,0.53
3713,0.12
3714,0.160447761
3715,0.14
3716,0.15
3717,0.87
3718,0.32
3719,0.08
3720,0.7
3721,0.150447761
3722,0.42
3723,0.15
3724,0.89
3725,0.07
3726,0.71
3727,0.06
3728,0.88
3729,0.89
3730,0.12
3731,0
3732,0.13
3733,0.06
3734,0.93
3735,0.21
3736,0.29
3737,0.91
3738,0.3
3739,0.85
3740,0.12
3741,0.13
3742,0.13
3743,0.05
3744,0.84
3745,0
3746,0.17
3747,0.125
3748,0.11
3749,0.12
3750,0.06
3751,0.24
3752,0.87
3753,0.119402985
3754,0.02
3755,0.91
3756,0.82
3757,0.18
3758,0.1
3759,0.63
3760,0.29
3761,0.82
3762,0.55
3763,0.78
3764,0.08
3765,0.94
3766,0.83
3767,0.11
3768,0.79
3769,0.11
3770,0.55
3771,0.119402985
3772,0.04
3773,0.18
3774,0.29
3775,0.89
3776,0.8
3777,0.27
3778,0.85
3779,0.75
3780,0.78
3781,0.09
3782,0.04
3783,0.335820896
3784,0.07
3785,0.16
3786,0.45
3787,0.02
3788,0.85
3789,0.21
3790,0.13
3791,0.54
3792,0.29
3793,0.36
3794,0.11
3795,0.07
3796,0.09
3797,0.89
3798,0.28238806
3799,0.17
3800,0.38
3801,0.31
3802,0.45
3803,0.68
3804,0.65
3805,0.89
3806,0.08
3807,0.23
3808,0.205
3809,0.14
3810,0.05
3811,0.14
3812,0.22
3813,0.56
3814,0.11
3815,0.09
3816,0.17
3817,0.41
3818,0.1
3819,0.14
3820,0.64
3821,0.76
3822,0.14
3823,0.89
3824,0.79
3825,0.09
3826,0.86
3827,0.53
3828,0.12
3829,0.13
3830,0.1
3831,0.91
3832,0.06
3833,0.09
3834,0.91
3835,0.09
3836,0.08
3837,0.23
3838,0.75
3839,0.12
3840,0.45
3841,0.14
3842,0.17
3843,0.12
3844,0.87
3845,0.39
3846,0.2
3847,0.16
3848,0.171492537
3849,0.85
3850,0.36
3851,0.65
3852,0.54
3853,0.13
3854,0.09
3855,0.21
3856,0.17
3857,0.2
3858,0.12
3859,0.5
3860,0.9
3861,0.96
3862,0.79
3863,0.36
3864,0.73
3865,0.59
3866,0.1
3867,0.62
3868,0.23
3869,0.88
3870,0.15
3871,0.28
