1,0.476964086
2,0.649149656
3,0.733264029
4,0.056107946
5,0.036414135
6,0.434894145
7,0.004146669
8,0.000379841
9,0.968024075
10,0.071006283
11,0.582441211
12,0.981866777
13,0.00019398
14,0.646008372
15,0.992728591
16,0.999526739
17,0.773540258
18,0.981660903
19,0.971328735
20,0.375679523
21,0.912160277
22,0.122439109
23,0.964517832
24,0.394398659
25,0.001940156
26,0.998119354
27,0.002217777
28,0.008823828
29,0.106520288
30,0.980095863
31,0.73016721
32,0.077353328
33,0.01836779
34,0.995749354
35,0.92888242
36,0.104017295
37,0.037850771
38,0.370296091
39,0.528151691
40,0.017817661
41,0.960322857
42,0.481076896
43,0.830186844
44,0.999827325
45,1
46,0.864202559
47,0.999885261
48,0.58328867
49,0.989278853
50,0.314041197
51,0.910386682
52,0.444120079
53,0.883366108
54,0.987434566
55,0.958761871
56,0.599234045
57,0.003913719
58,0.722007275
59,0.87355864
60,0.656906664
61,0.399925053
62,0.178086162
63,0.494629323
64,0.631866336
65,0.19497402
66,0.881706893
67,0.605448663
68,0.057247698
69,0.496094465
70,0.999033868
71,0.003238933
72,0.146029919
73,0.000497548
74,0.808460891
75,0.034469869
76,0.093569987
77,0.171180859
78,0.899926126
79,0.942819655
80,0.971903443
81,0.569034874
82,0.530222714
83,0.986546934
84,0.999902129
85,0.830391526
86,0.997500181
87,0.985584915
88,0.028689368
89,0.947913527
90,0.001722853
91,0.921856761
92,0.138332054
93,0.250555933
94,0.459462285
95,0.766454041
96,0.914117396
97,0.107880451
98,0.902748287
99,0.448506832
100,0.880267441
101,0.999787927
102,0.96087271
103,0.64269191
104,0.999851167
105,0.326659948
106,0.965166032
107,0.7155568
108,0.886889398
109,0.792945802
110,0.090069018
111,0.020739181
112,0.747552037
113,0.721090257
114,0.976723969
115,0.873910129
116,0.12977019
117,0.673018038
118,0.597386777
119,0.006535487
120,0.610482574
121,0.000252855
122,0.800365508
123,0.001836563
124,0.825102627
125,0.503216982
126,0.780164301
127,0.85967499
128,0.011996143
129,0.638937652
130,0.941095769
131,0.001780506
132,0.026515067
133,0.998160481
134,0.001335002
135,0.007338056
136,0.657615483
137,0.99562788
138,0.994643629
139,0.361292303
140,0.044539239
141,0.988590002
142,0.638566375
143,0.305380374
144,0.003497692
145,0.855120838
146,0.630991101
147,0.884668171
148,0.910704553
149,0.72385335
150,0.878481865
151,0.771287799
152,0.002044786
153,0.528556943
154,0.914323151
155,0.00440299
156,0.444378197
157,0.690716147
158,0.992114425
159,0.951675296
160,0.974098742
161,0.027717026
162,0.731545746
163,0.6184901
164,0.127932593
165,0.997830212
166,0.001652498
167,0.993446827
168,0.62607801
169,0.412692279
170,0.631536365
171,0.359595686
172,0.00060698
173,0.324646205
174,0.998478591
175,0.99136734
176,0.660105705
177,0.853794396
178,0.586191654
179,0.134542227
180,0.071339771
181,0.436660171
182,0.034923032
183,0.705667853
184,0.674961865
185,0.602916777
186,0.995448768
187,0.898233473
188,0.989581406
189,0.912837446
190,0.491492808
191,0.510282636
192,0.953954756
193,0.115081452
194,0.001064752
195,0.6987378
196,0.904558003
197,0.930652916
198,0.835499287
199,0.573297143
200,0.748152792
201,0.970648944
202,0.005325874
203,0.005949405
204,0.046082266
205,0.196613654
206,0.6205284
207,0.930979788
208,0.846206844
209,0.257226139
210,0.993228257
211,0.143397167
212,0.006017977
213,0.980908453
214,0.967693985
215,0.836763263
216,0.461667359
217,0.234709963
218,0.444745451
219,0.635168731
220,0.119448937
221,0.999026
222,0.921287835
223,0.99790591
224,0.671307027
225,0.009521622
226,0.876895845
227,0.993492246
228,0.543543816
229,0.003271584
230,0.023238294
231,0.944966793
232,0.101400115
233,0.99671185
234,0.014460086
235,0.663021922
236,0.532063305
237,0.1606085
238,0.840585113
239,0.654602408
240,0.087594286
241,0.04325423
242,0.767907977
243,0.820336401
244,0.972822487
245,0.973939717
246,0.834319293
247,0.665841579
248,0.981118739
249,0.532269061
250,0.78728503
251,0.960925817
252,0.069800422
253,0.064831376
254,0.00097398
255,0.609654725
256,0.067474045
257,0.790961325
258,0.7990188
259,0.993520021
260,0.947212458
261,0.000624389
262,0.653161824
263,0.627919853
264,0.791865051
265,0.904897749
266,0.99938184
267,0.715449035
268,0.004958122
269,0.848936319
270,0.008404771
271,0.976937115
272,0.045681253
273,0.999448478
274,0.987102449
275,0.00264698
276,0.99998188
277,0.334790617
278,0.873518407
279,0.736980498
280,0.00010192
281,0.962197661
282,0.34168455
283,0.01375674
284,0.38791886
285,0.999994099
286,0.801908612
287,0.969243348
288,0.086243138
289,0.019038638
290,0.00093923
291,7.19028E-08
292,0.76126802
293,0.003286589
294,0.054874394
295,0.207970783
296,0.930941939
297,0.957210839
298,0.516740739
299,0.850672126
300,0.658585608
301,0.011876998
302,0.996944606
303,0.858211637
304,0.428126901
305,0.532931149
306,0.000678567
307,0.780888438
308,0.899788558
309,0.901463687
310,0.011559337
311,0.876619041
312,0.992500782
313,0.544922471
314,0.010136276
315,0.341531932
316,0.469412565
317,0.595496058
318,0.999759853
319,0.918806732
320,0.068300463
321,0.776002765
322,0.593311727
323,0.337032348
324,0.8670488
325,0.75048697
326,0.961083174
327,0.134241387
328,0.917330444
329,0.675594985
330,0.999268889
331,0.524569213
332,0.777325094
333,0.031585794
334,0.009518079
335,0.558606505
336,0.896995544
337,0.999860644
338,0.594600677
339,0.711326838
340,0.614473879
341,0.995071173
342,0.57523793
343,0.415074199
344,0.007375175
345,0.828233123
346,0.975511372
347,0.675545752
348,0.008865421
349,0.266987652
350,0.868117273
351,0.082455151
352,0.591339171
353,0.665798366
354,0.994741321
355,0.621738255
356,0.075300068
357,0.539951861
358,0.903508127
359,0.475870013
360,0.999988735
361,0.840724349
362,0.999215007
363,0.018956941
364,0.379307777
365,0.014324274
366,0.676120698
367,0.999116898
368,0.003273504
369,0.125102103
370,0.581799507
371,0.945298314
372,0.055106975
373,0.007246081
374,0.784457028
375,0.806506515
376,0.599681139
377,0.999993384
378,0.13797988
379,0.036199927
380,0.001857938
381,0.993295074
382,0.042589154
383,0.00493095
384,0.044247858
385,0.934056342
386,0.007240581
387,0.971543014
388,0.768980622
389,0.443924785
390,0.490442455
391,0.981543899
392,0.861437798
393,0.913088202
394,0.012395244
395,0.167090654
396,0.997820437
397,0.638530672
398,0.330866575
399,0.999996781
400,0.995902181
401,0.812194943
402,0.787310123
403,0.980000317
404,0.075016089
405,0.315122098
406,0.999050915
407,0.993853331
408,0.538378477
409,0.982484996
410,0.999383748
411,0.864074826
412,0.756407022
413,0.000805301
414,0.103504844
415,0.536298156
416,0.999404967
417,0.917981505
418,0.007139043
419,0.799031556
420,0.666796923
421,0.003775505
422,0.030246606
423,0.907365203
424,0.965181231
425,0.509156644
426,0.023472214
427,0.011873495
428,0.753582239
429,0.149985477
430,0.997837245
431,0.543544114
432,0.999840796
433,0.711038649
434,0.900100887
435,0.568889141
436,0.997137308
437,0.729604721
438,0.921084642
439,0.96570152
440,0.037564833
441,0.004952019
442,0.88461107
443,0.999353111
444,0.815811753
445,0.959392309
446,0.037461765
447,0.459406495
448,0.766051412
449,0.627004206
450,0.939103067
451,0.113896973
452,0.565161765
453,0.993879735
454,0.016180957
455,0.999579191
456,0.750902653
457,0.946484566
458,0.996575415
459,0.936770856
460,0.528216004
461,0.464221835
462,0.059001118
463,0.018232977
464,0.94523555
465,0.711591423
466,0.658104539
467,0.814186454
468,0.217694193
469,0.801007271
470,0.995482445
471,0.941661716
472,0.941657722
473,0.809790671
474,0.000461419
475,0.138067588
476,0.840771735
477,0.050700165
478,0.137267232
479,0.226650402
480,0.088519089
481,0.329366446
482,0.925265133
483,0.000759983
484,0.681153953
485,0.043126173
486,0.696960211
487,0.690226376
488,0.307628095
489,0.967583001
490,0.640254676
491,0.231728762
492,0.258476317
493,0.977504313
494,0.674408913
495,0.875241458
496,0.21127148
497,0.938341796
498,0.078619704
499,0.689165831
500,0.960141897
501,0.924124658
502,0.131665573
503,0.908284545
504,0.038711738
505,0.990479946
506,0.386948705
507,0.005173323
508,0.781795442
509,0.632559359
510,0.021178421
511,0.83764565
512,0.113748305
513,0.869050264
514,0.077109739
515,0.000438299
516,0.986233115
517,1
518,0.878882468
519,0.84141922
520,0.068107225
521,0.266524583
522,0.031006625
523,0.687096238
524,0.966665089
525,0.863524497
526,0.931187928
527,0.194184229
528,0.873751402
529,0.851475179
530,0.024631005
531,0.980157793
532,0.997575998
533,0.946597517
534,0.016116774
535,0.969822347
536,0.999810934
537,0.899275064
538,0.084905393
539,0.670062959
540,0.996604443
541,0.001894082
542,0.504373848
543,0.00822923
544,0.578537881
545,0.082537003
546,0.897567809
547,0.682846904
548,0.394138813
549,0.989591599
550,0.190311715
551,0.440296263
552,0.037253756
553,0.031886585
554,0.749730825
555,0.626470089
556,0.97556144
557,0.268021017
558,0.001619246
559,0.641821802
560,0.865699768
561,0.933136642
562,0.96250093
563,0.685836554
564,0.258574396
565,0.70354712
566,0.931368232
567,0.872060061
568,0.927734017
569,0.999874532
570,0.142233297
571,0.759753346
572,0.935145199
573,0.277087241
574,0.136565849
575,0.018291475
576,0.991424799
577,0.999931574
578,0.999872506
579,0.832115889
580,0.678417325
581,0.00059314
582,0.989195347
583,0.89435488
584,0.934384167
585,0.006912834
586,0.009371075
587,0.017711004
588,0.854071617
589,0.999940336
590,0.890873492
591,0.019296894
592,0.921410263
593,0.874581814
594,0.806172013
595,0.001093173
596,0.588164449
597,0.879544675
598,0.720087767
599,0.668373942
600,0.886854053
601,0.862493932
602,0.84179467
603,0.999782681
604,0.009926816
605,0.995499313
606,0.619239569
607,0.712218344
608,0.013421245
609,0.971281469
610,0.786371768
611,0.999193072
612,0.018589878
613,0.955522597
614,0.705365419
615,0.103717528
616,0.032358654
617,0.021282429
618,0.001218182
619,0.002802467
620,0.9983899
621,0.077585593
622,0.416704595
623,0.905756831
624,0.009196518
625,0.045672275
626,0.000223321
627,0.828649402
628,0.940962017
629,0.675942898
630,0.074088149
631,0.688540697
632,0.017641421
633,0.614318132
634,0.003858379
635,0.926402211
636,0.999943554
637,0.932213187
638,0.160601676
639,0.002273967
640,0.645891428
641,0.996025741
642,0.405639172
643,0.134017706
644,0.381864727
645,0.886246145
646,0.982958019
647,0.002784953
648,0.000650666
649,0.215031281
650,0.998642683
651,0.996198893
652,0.309877366
653,0.923642159
654,0.008907855
655,0.793160677
656,0.00035561
657,0.994527757
658,0.999048471
659,0.864609957
660,0.999740362
661,0.737919271
662,0.635544062
663,0.913368523
664,0.333880931
665,0.584192216
666,0.62097311
667,0.721096158
668,0.015025174
669,0.903229773
670,0.077721655
671,0.798544765
672,0.732571363
673,0.986290097
674,0.677794635
675,0.740681946
676,0.95113349
677,0.848216474
678,0.6931113
679,0.973985851
680,0.518915713
681,0.023617089
682,0.624370575
683,0.981181324
684,0.949209571
685,0.968973696
686,0.868674278
687,0.92452991
688,0.800129056
689,0.778900683
690,0.873639166
691,0.808885276
692,0.768832207
693,0.941589653
694,0.000414086
695,0.99701488
696,0.986256838
697,0.990457952
698,0.820425928
699,0.995311201
700,0.942479312
701,0.010766036
702,0.71667552
703,0.946199596
704,0.547808707
705,0.996478021
706,0.054136679
707,0.005904589
708,0.974679112
709,0.88917321
710,0.780880868
711,0.03334922
712,0.013193307
713,0.204662159
714,0.157155722
715,0.961835682
716,0.709724009
717,0.519824326
718,0.437508315
719,0.82098794
720,0.740989387
721,0.854345441
722,0.939619422
723,0.016802607
724,0.292234242
725,0.756881177
726,0.999177635
727,0.998124719
728,0.697400928
729,0.513630688
730,0.986418724
731,0.972209454
732,0.871774852
733,0.839497805
734,0.017767072
735,0.613348186
736,0.635439277
737,0.75136584
738,0.51553005
739,0.000120486
740,0.873612046
741,0.750180602
742,0.731808841
743,0.16251865
744,0.019791694
745,0.171489164
746,0.722883523
747,0.950967252
748,0.641313672
749,0.101719774
750,0.683059752
751,0.090032406
752,0.440337539
753,0.69163543
754,0.998205006
755,0.708056748
756,0.599836886
757,0.64507848
758,0.770084381
759,0.669966936
760,0.94060427
761,0.923804402
762,0.753409564
763,0.011049336
764,0.99905175
765,0.081341259
766,0.610009193
767,0.97762084
768,0.976381838
769,0.738832235
770,0.975534618
771,0.270084262
772,0.956923306
773,0.012036041
774,0.776842713
775,0.411903679
776,0.986382246
777,0.638746738
778,0.134718761
779,0.011553084
780,0.74810499
781,0.01083105
782,0.034412164
783,0.689028502
784,0.939661503
785,0.991001368
786,0.910197854
787,0.003867543
788,0.018929558
789,0.000179152
790,0.213817343
791,0.992534041
792,0.136439905
793,0.976825356
794,0.990932226
795,0.014299223
796,0.000419155
797,0.59441334
798,0.774891794
799,0.984823823
800,0.968221486
801,0.081390411
802,0.973574817
803,0.985752285
804,0.742898226
805,0.917277098
806,0.887416363
807,0.808430016
808,0.573442578
809,0.922983706
810,0.934159338
811,0.877908647
812,0.982954323
813,0.481118351
814,0.705737174
815,0.641716003
816,0.910942733
817,0.93877697
818,0.841675639
819,0.431169569
820,0.923842669
821,0.780889213
822,0.052688941
823,0.694651544
824,0.006753704
825,0.914652407
826,0.542141736
827,0.277289212
828,0.937887013
829,0.810154617
830,0.79647547
831,0.949005008
832,0.999901175
833,0.736298919
834,0.564805865
835,0.909502029
836,0.974801779
837,0.999310493
838,0.107981272
839,0.931556821
840,0.00586739
841,0.602892876
842,0.993910432
843,0.881975412
844,0.024508817
845,0.623124123
846,0.024931865
847,0.001005409
848,0.000552065
849,0.325370282
850,0.58084017
851,0.841077685
852,0.014295016
853,0.272432506
854,0.278004199
855,0.995965481
856,0.999118626
857,0.990845084
858,0.017900554
859,0.001063846
860,0.342033207
861,0.733914196
862,0.853502274
863,0.996358871
864,0.557202756
865,0.470989555
866,0.939627349
867,0.659469604
868,0.008469451
869,0.381055504
870,0.000126052
871,0.025544975
872,0.993180573
873,0.99932164
874,0.458337009
875,0.011990155
876,0.426725835
877,0.975721002
878,0.487114698
879,0.696702719
880,0.242329404
881,0.005155758
882,0.896479487
883,0.5796929
884,0.827536106
885,0.021958467
886,0.969712198
887,0.033810847
888,0.581755936
889,0.925574481
890,0.129938424
891,0.467737705
892,0.172517106
893,0.121194102
894,0.20886305
895,0.897383928
896,0.999334931
897,0.988313556
898,0.957528055
899,0.570637763
900,0.999923348
901,0.867446959
902,0.887492895
903,0.98172003
904,0.480792165
905,0.753341973
906,0.591928422
907,0.329173118
908,0.480543762
909,0.007939076
910,0.752679467
911,0.954532444
912,0.075849608
913,0.034077886
914,0.013289222
915,0.724884808
916,0.902303517
917,0.001746445
918,0.200556949
919,0.038811423
920,0.011469418
921,0.001821069
922,0.893749535
923,0.575098991
924,0.546976566
925,0.005370395
926,0.001667198
927,0.967092931
928,0.59261626
929,0.922302902
930,0.707308531
931,0.998222172
932,0.691353619
933,0.703683555
934,0.887802839
935,0.821901321
936,0.600431383
937,0.668548167
938,0.603716254
939,0.986247957
940,0.73674047
941,0.300079286
942,0.964927077
943,0.132150769
944,0.684396744
945,0.084282652
946,0.963583052
947,0.678041041
948,0.841412842
949,0.908297539
950,0.498681277
951,0.005866073
952,0.692101657
953,0.035915788
954,0.740454972
955,0.976555765
956,0.679028034
957,0.06816268
958,0.720600009
959,0.640872121
960,0.860120893
961,0.569917679
962,0.627702594
963,0.977247357
964,0.116277702
965,0.001505735
966,0.174494848
967,0.020421546
968,0.011630094
969,0.933146358
970,0.902119815
971,0.222408608
972,0.086795658
973,0.529456794
974,0.856823921
975,0.015358713
976,0.163539827
977,0.132213801
978,0.467739403
979,0.116643831
980,0.230778039
981,0.42328012
982,0.003774662
983,0.018274156
984,0.044383809
985,0.625333428
986,0.001782895
987,0.89016521
988,0.987971723
989,0.934091032
990,0.46923849
991,0.977840424
992,0.979369998
993,0.692947805
994,0.766554594
995,0.088044196
996,0.925730526
997,0.100304097
998,0.822103024
999,0.998773932
1000,0.99946779
1001,0.243050456
1002,0.516747057
1003,0.001810557
1004,0.003501743
1005,0.043610722
1006,0.089881137
1007,0.911423981
1008,0.294188797
1009,0.807984769
1010,0.992584884
1011,0.646680176
1012,0.114708014
1013,0.63256067
1014,0.006811911
1015,0.968810141
1016,0.035605691
1017,0.048185561
1018,0.100002445
1019,0.125595808
1020,0.531187534
1021,0.643671632
1022,0.729982078
1023,0.907156825
1024,0.650678277
1025,0.711423337
1026,0.999422669
1027,0.004758943
1028,0.015912596
1029,0.66703105
1030,0.528327823
1031,0.022157108
1032,0.00409535
1033,0.92430234
1034,0.829829633
1035,0.443362981
1036,0.281051546
1037,0.71950829
1038,0.574672699
1039,0.985497773
1040,0.99458766
1041,0.014534241
1042,0.474251509
1043,0.36196062
1044,0.9930619
1045,0.997134209
1046,0.384730577
1047,0.987570345
1048,0.511166215
1049,0.354287714
1050,0.748237252
1051,0.038227096
1052,0.835245609
1053,0.710565031
1054,0.036093738
1055,0.114186451
1056,0.618805468
1057,0.775327742
1058,0.135200188
1059,0.02719491
1060,0.53250742
1061,0.255535036
1062,0.989720106
1063,0.998786569
1064,0.991878688
1065,0.083563074
1066,0.517558098
1067,0.10444507
1068,0.793186843
1069,0.998301268
1070,0.007561373
1071,0.862776995
1072,0.009448938
1073,0.949990392
1074,0.982454538
1075,0.407848328
1076,0.597126126
1077,0.002599476
1078,0.962889314
1079,0.971002221
1080,0.769790709
1081,0.053207289
1082,0.769179583
1083,0.971895874
1084,0.984564781
1085,0.099659227
1086,0.351596415
1087,0.001158228
1088,0.107418522
1089,0.906741798
1090,0.23720929
1091,0.632392287
1092,0.452324033
1093,0.551276386
1094,0.82012856
1095,0.008326442
1096,0.432168424
1097,0.999035299
1098,0.612873256
1099,3.71303E-05
1100,0.191254482
1101,0.030157361
1102,0.602900028
1103,0.019433523
1104,0.763100088
1105,0.85174036
1106,0.593592942
1107,0.983310759
1108,0.073916212
1109,0.63456583
1110,0.691652775
1111,0.916725159
1112,0.991244197
1113,0.897106111
1114,0.798152328
1115,0.996449411
1116,0.935058832
1117,0.933605373
1118,0.04811592
1119,0.957152605
1120,0.244886935
1121,0.000347236
1122,0.000156542
1123,0.032200333
1124,0.029611144
1125,0.786539972
1126,0.582375348
1127,0.455640942
1128,0.980847001
1129,0.941868782
1130,0.955596387
1131,0.879991531
1132,0.890101492
1133,0.942773998
1134,0.963699877
1135,0.000742372
1136,0.626030445
1137,0.675066471
1138,0.5361709
1139,0.056845289
1140,0.540054202
1141,0.979068398
1142,0.9811005
1143,0.718606949
1144,0.010699389
1145,0.48467344
1146,0.910302758
1147,0.472951531
1148,0.785892427
1149,0.849646151
1150,0.040695012
1151,0.287165761
1152,0.497484624
1153,0.992716193
1154,0.952997088
1155,0.769619763
1156,0.633106172
1157,0.960007668
1158,0.125534773
1159,0.582143188
1160,0.940916061
1161,0.161646783
1162,0.870912671
1163,0.00337744
1164,0.999996781
1165,0.751864135
1166,0.000315097
1167,0.997513115
1168,0.944936216
1169,0.000807695
1170,0.99999547
1171,0.897264779
1172,0.563389421
1173,0.492135644
1174,0.079290181
1175,0.112250708
1176,0.83159703
1177,1.66157E-05
1178,0.307748258
1179,0.713946462
1180,0.530445516
1181,0.7094841
1182,0.863685608
1183,0.109300733
1184,0.000118671
1185,0.585315824
1186,0.023031292
1187,0.014949473
1188,0.719232678
1189,0.969968319
1190,0.923610628
1191,0.99057132
1192,0.99799335
1193,0.002283155
1194,0.2905958
1195,0.924090505
1196,0.816944063
1197,0.187796012
1198,0.102271847
1199,0.092762992
1200,0.998744011
1201,0.277856052
1202,0.048086207
1203,0.499595284
1204,0.363678128
1205,0.965521455
1206,0.808420002
1207,0.995558977
1208,0.782869399
1209,0.688391387
1210,0.099145748
1211,0.778322399
1212,0.999996006
1213,0.000198316
1214,0.231534809
1215,0.792438388
1216,0.824080646
1217,0.012446869
1218,0.594062209
1219,0.966691494
1220,0.563041925
1221,0.195858985
1222,0.082722723
1223,0.009991548
1224,0.834671736
1225,0.035661172
1226,0.999875128
1227,0.99998647
1228,0.97115624
1229,0.899906516
1230,0.956021786
1231,0.134270102
1232,0.778551757
1233,0.014937934
1234,0.009280807
1235,0.978203535
1236,0.566667616
1237,0.573006332
1238,0.097547047
1239,0.878066003
1240,0.872528195
1241,0.522017837
1242,0.022314958
1243,0.915145993
1244,0.673936367
1245,0.913098335
1246,0.997464657
1247,0.995416522
1248,0.234518379
1249,0.305940151
1250,0.95720458
1251,0.329971194
1252,0.946677089
1253,0.273813754
1254,0.313607305
1255,6.30359E-06
1256,0.000758246
1257,0.962580085
1258,0.030128017
1259,0.880484164
1260,0.894726634
1261,0.005961329
1262,0.987479687
1263,0.999898732
1264,0.38052851
1265,0.339912176
1266,0.939949334
1267,0.703362882
1268,0.620779157
1269,0.984397054
1270,0.83349824
1271,0.002958775
1272,0.000479296
1273,0.611095905
1274,0.799093902
1275,0.846707046
1276,0.993850827
1277,0.671454549
1278,0.31905672
1279,0.998335898
1280,0.757287264
1281,0.391020596
1282,0.930865884
1283,0.997818589
1284,0.56567663
1285,0.028509423
1286,0.999508321
1287,0.56864655
1288,0.959847987
1289,0.99765861
1290,0.620629072
1291,0.13019672
1292,0.771313071
1293,0.971318007
1294,0.375947237
1295,0.849964321
1296,0.501873851
1297,0.005104132
1298,0.358374417
1299,0.627470493
1300,0.595087767
1301,0.891856372
1302,0.915853977
1303,0.999999583
1304,0.954837561
1305,0.024775984
1306,0.155455232
1307,0.514356077
1308,0.797106087
1309,0.984487653
1310,0.736216784
1311,0.763610005
1312,0.55692184
1313,0.276361585
1314,0.43210718
1315,0.004950027
1316,0.024707736
1317,0.136044323
1318,0.685617805
1319,0.190241262
1320,0.723066807
1321,0.369450927
1322,0.200335145
1323,0.182375818
1324,0.547986686
1325,0.042783238
1326,0.99995929
1327,0.401931256
1328,0.032789513
1329,0.754669368
1330,0.99024725
1331,0.766962051
1332,0.478006721
1333,0.95008415
1334,0.996552527
1335,0.346635014
1336,0.997906864
1337,0.540507734
1338,0.499060273
1339,0.850207031
1340,0.976350367
1341,0.832270145
1342,0.023651382
1343,0.478043944
1344,0.066798575
1345,0.531150222
1346,0.001004775
1347,0.031482793
1348,0.110054836
1349,0.44971931
1350,0.004846803
1351,0.869200826
1352,0.150105581
1353,0.081586957
1354,0.00069119
1355,0.075998798
1356,0.805905819
1357,0.09960185
1358,0.039282534
1359,0.018410711
1360,0.54846698
1361,0.007094715
1362,0.184128374
1363,0.092825137
1364,0.799441695
1365,0.040489465
1366,0.007604794
1367,0.523899734
1368,0.000358018
1369,0.92960757
1370,0.001834674
1371,0.038445767
1372,0.999955654
1373,0.922614396
1374,0.029650906
1375,0.162059665
1376,0.007960948
1377,0.063556448
1378,0.131565005
1379,0.922144175
1380,0.667091846
1381,0.997777522
1382,0.98635304
1383,0.619571149
1384,0.324621469
1385,0.996887267
1386,0.120599464
1387,0.003827206
1388,0.078119755
1389,0.287761688
1390,0.99935168
1391,0.36775735
1392,0.007910981
1393,0.999516845
1394,0.93151778
1395,0.546249926
1396,0.610638976
1397,0.983518481
1398,0.999999046
1399,0.397479415
1400,0.005353108
1401,0.942392528
1402,0.671412528
1403,0.088085942
1404,0.040760346
1405,0.030121149
1406,0.890829861
1407,0.988519371
1408,0.00815611
1409,0.000747242
1410,0.799722672
1411,0.967793643
1412,0.063519537
1413,0.99888885
1414,0.883558631
1415,0.502837777
1416,0.999601364
1417,0.98130995
1418,0.018486714
1419,0.983436108
1420,0.346270174
1421,0.001253898
1422,0.079111658
1423,0.005606547
1424,1
1425,4.46847E-07
1426,0.073406063
1427,0.042456362
1428,0.942908347
1429,0.166102678
1430,0.050473809
1431,0.542163432
1432,0.526436388
1433,0.002629822
1434,0.939950883
1435,0.650686204
1436,0.692241609
1437,0.999975264
1438,0.825900197
1439,0.7103706
1440,0.028714824
1441,0.272668451
1442,0.086077608
1443,0.031630121
1444,0.030661017
1445,0.395582825
1446,0.764291525
1447,0.731724918
1448,0.991136789
1449,0.662990212
1450,0.7857939
1451,0.109917648
1452,0.928008974
1453,0.991694093
1454,0.005461489
1455,0.000573927
1456,0.136411026
1457,0.819145799
1458,0.961870611
1459,0.691246629
1460,0.965250254
1461,0.416634649
1462,0.038163278
1463,0.466385484
1464,0.988264263
1465,0.236634955
1466,0.006949713
1467,0.984426856
1468,0.095591918
1469,0.750472844
1470,0.01814831
1471,0.00162125
1472,0.597209573
1473,0.907963753
1474,0.107257172
1475,0.640349269
1476,0.952894688
1477,0.018207487
1478,0.015872853
1479,0.629271507
1480,0.634035945
1481,0.754978538
1482,0.018031729
1483,0.092268482
1484,0.769417942
1485,0.088009708
1486,0.955892801
1487,0.607486188
1488,0.038020771
1489,0.987625659
1490,0.608529687
1491,0.005450828
1492,0.999761045
1493,0.045812622
1494,0.608656585
1495,0.999556541
1496,0.001161568
1497,0.958822489
1498,0.976725936
1499,0.914219081
1500,0.855398238
1501,0.226311117
1502,0.244072691
1503,0.003281395
1504,0.995828569
1505,0.013654606
1506,0.999409616
1507,0.135899514
1508,0.920746744
1509,0.801000953
1510,0.388266563
1511,0.042897563
1512,0.61373961
1513,0.949416637
1514,0.055406168
1515,0.020392768
1516,0.78178072
1517,0.424786717
1518,7.87876E-05
1519,0.005037977
1520,0.64105612
1521,0.588539839
1522,0.999944627
1523,0.021465642
1524,0.914497554
1525,0.690445006
1526,0.492045075
1527,0.148021147
1528,0.898670733
1529,0.998616695
1530,0.971744061
1531,0.637641013
1532,0.007050206
1533,0.007104988
1534,0.949907839
1535,0.015589537
1536,0.763583302
1537,0.562439084
1538,0.033650722
1539,0.263505638
1540,0.859833658
1541,0.365975797
1542,0.034594823
1543,0.86798352
1544,0.999720395
1545,0.940253556
1546,0.984617114
1547,0.98950249
1548,0.356584966
1549,0.000347498
1550,0.017467117
1551,0.001887353
1552,0.012366965
1553,0.469285458
1554,0.22937654
1555,0.017831828
1556,0.751059771
1557,0.037687171
1558,0.107999593
1559,0.960854411
1560,0.405348301
1561,0.555232465
1562,0.999981761
1563,0.841822386
1564,0.965640903
1565,0.609957159
1566,0.003988503
1567,0.621370375
1568,0.697193623
1569,0.314341247
1570,0.846090317
1571,0.273552299
1572,0.584962785
1573,0.936105847
1574,0.851965487
1575,0.789516687
1576,0.941293895
1577,0.734309793
1578,0.199966297
1579,0.26725468
1580,0.831722021
1581,0.003041451
1582,0.00239601
1583,0.991489589
1584,0.960693121
1585,0.302486718
1586,0.988125682
1587,0.914301336
1588,0.984677553
1589,0.731754005
1590,0.629997969
1591,0.121959768
1592,0.878664076
1593,0.96175611
1594,0.151282459
1595,0.007652733
1596,0.025349243
1597,0.98172611
1598,0.97058934
1599,0.000123905
1600,0.720399976
1601,0.553686321
1602,0.627099574
1603,0.820515335
1604,0.993429184
1605,0.065455422
1606,0.9957183
1607,0.999998808
1608,0.987447023
1609,0.372469395
1610,0.980975568
1611,0.868878365
1612,0.97871691
1613,0.038141739
1614,0.996762097
1615,0.738244653
1616,0.138530076
1617,0.042524755
1618,0.837245047
1619,0.986504912
1620,0.90832001
1621,0.992580056
1622,0.996508896
1623,0.030458124
1624,0.019860199
1625,0.001865651
1626,0.010386059
1627,0.172355831
1628,0.867484093
1629,0.641169429
1630,0.546572626
1631,0.511377096
1632,0.060973242
1633,0.641744912
1634,0.006180787
1635,0.069616154
1636,3.40355E-06
1637,0.135182276
1638,0.604755223
1639,0.972278714
1640,0.138483003
1641,0.017534545
1642,0.995823264
1643,0.884117484
1644,0.999451697
1645,0.251373082
1646,0.996126592
1647,0.611292243
1648,0.901850998
1649,0.877881885
1650,0.55383271
1651,0.989937007
1652,0.000631171
1653,0.704926014
1654,0.40715614
1655,0.964184344
1656,4.4128E-06
1657,0.988714099
1658,0.024883572
1659,0.998575032
1660,0.844830513
1661,0.018062316
1662,0.781812549
1663,0.003323912
1664,0.032727484
1665,0.002012345
1666,0.14685756
1667,0.633196294
1668,0.796425045
1669,0.603642821
1670,0.260339379
1671,0.998785257
1672,0.999661148
1673,0.532834053
1674,0.024601236
1675,0.789489031
1676,0.090479746
1677,0.590358555
1678,0.514906466
1679,0.022691622
1680,0.90804255
1681,0.933853149
1682,0.997138679
1683,0.965990603
1684,0.001003934
1685,0.097841933
1686,0.0137203
1687,0.239590123
1688,0.9398278
1689,0.525797009
1690,0.674281716
1691,0.074212365
1692,0.382780343
1693,0.505140007
1694,0.152427033
1695,0.379568577
1696,0.999888241
1697,0.998800457
1698,0.113800302
1699,0.802114189
1700,0.000621305
1701,0.135554597
1702,0.999798834
1703,0.806518137
1704,0.004322249
1705,0.313218594
1706,0.007808127
1707,0.769355714
1708,0.960178733
1709,0.025762672
1710,0.293658406
1711,0.015379026
1712,0.009402555
1713,0.94102025
1714,0.053088989
1715,0.001128098
1716,0.587764144
1717,0.000381382
1718,0.001013609
1719,0.152471483
1720,0.694630623
1721,0.078652039
1722,0.808291316
1723,0.985474885
1724,0.009654284
1725,0.919246256
1726,7.65968E-06
1727,0.503733218
1728,0.691800177
1729,0.861397922
1730,0.71755147
1731,0.037114277
1732,0.998713732
1733,0.004756798
1734,0.028229855
1735,0.871588826
1736,0.021440366
1737,0.967006922
1738,0.999959052
1739,0.468326926
1740,0.132927418
1741,0.370784074
1742,0.406669676
1743,0.007259883
1744,0.99999845
1745,0.62327826
1746,0.828437626
1747,0.536995292
1748,0.057678226
1749,0.144983143
1750,0.935000181
1751,0.083217114
1752,0.00424528
1753,0.57590729
1754,0.558631778
1755,0.974926054
1756,0.010329586
1757,0.914125085
1758,0.517116427
1759,0.590196967
1760,0.881819248
1761,0.354290605
1762,0.758316338
1763,0.874637425
1764,0.943865061
1765,0.064868838
1766,0.913746953
1767,0.124051139
1768,0.593127251
1769,0.449742615
1770,0.0179484
1771,0.928828657
1772,0.924068093
1773,0.999748588
1774,0.413300961
1775,0.007046669
1776,0.752214551
1777,0.101899341
1778,0.570818365
1779,0.000768623
1780,0.000308891
1781,0.540593922
1782,0.168297559
1783,0.32120046
1784,0.998925686
1785,0.377169698
1786,0.981490016
1787,0.52219516
1788,0.046995405
1789,0.799061894
1790,0.005822311
1791,0.883305311
1792,0.9782179
1793,0.371204108
1794,0.669829607
1795,0.462466151
1796,0.012411505
1797,0.01933432
1798,0.014979528
1799,0.114361934
1800,0.979436457
1801,0.128667787
1802,0.023849512
1803,0.507995903
1804,0.000792398
1805,0.930217147
1806,0.019669522
1807,0.937859476
1808,0.930319607
1809,0.279942214
1810,0.005660606
1811,0.001372015
1812,0.038640119
1813,0.595066309
1814,0.001183846
1815,0.872333944
1816,0.000406527
1817,0.995218337
1818,0.101502873
1819,0.902286351
1820,0.997620165
1821,0.578478754
1822,0.978423476
1823,0.978768647
1824,0.424983621
1825,0.98903811
1826,0.913977146
1827,0.782404006
1828,0.020047966
1829,0.005681735
1830,0.000189716
1831,0.834210515
1832,0.983320713
1833,0.275099188
1834,0.040574696
1835,0.625358164
1836,0.784709156
1837,0.002575274
1838,0.033585116
1839,0.66764915
1840,0.534710228
1841,0.999044299
1842,0.228698388
1843,0.743712366
1844,0.411513954
1845,0.985622525
1846,0.97980082
1847,0.959383428
1848,0.021762267
1849,0.557956398
1850,0.5995
1851,0.717631817
1852,0.001952094
1853,0.993533969
1854,0.800085306
1855,0.771620333
1856,0.060907289
1857,0.693250299
1858,0.314981312
1859,0.009561232
1860,0.401479095
1861,0.228595212
1862,0.089674152
1863,0.007742968
1864,0.035111789
1865,0.041348074
1866,0.210817873
1867,0.630962431
1868,0.001643243
1869,0.7203632
1870,0.604203105
1871,0.007051541
1872,0.064604387
1873,0.999496639
1874,0.006498193
1875,0.43157047
1876,0.33262372
1877,0.00478862
1878,0.953209281
1879,0.113543086
1880,0.689252555
1881,0.726252854
1882,0.51361835
1883,0.022128869
1884,0.683320284
1885,0.005017216
1886,1.73214E-05
1887,0.006112364
1888,0.073153697
1889,0.818589866
1890,0.022042505
1891,0.032922018
1892,0.955459952
1893,0.014101496
1894,0.471967578
1895,0.008553853
1896,0.998734295
1897,0.993254244
1898,0.089144044
1899,0.555867672
1900,0.569771528
1901,0.00713859
1902,0.731030226
1903,0.658469379
1904,0.584951401
1905,0.996373415
1906,0.010572105
1907,0.387930274
1908,0.059985824
1909,0.241627142
1910,0.941654265
1911,0.179418042
1912,0.723169506
1913,0.610973358
1914,0.91671437
1915,0.592859268
1916,0.010147458
1917,0.177502573
1918,0.056948543
1919,0.199606255
1920,0.025919354
1921,0.967236161
1922,0.001471962
1923,0.602335691
1924,0.992386043
1925,0.749662817
1926,0.30825606
1927,0.727932394
1928,0.000183956
1929,0.562946737
1930,0.000656056
1931,0.194146663
1932,0.910013974
1933,0.015285807
1934,0.023730338
1935,0.973744333
1936,0.996036053
1937,0.857631922
1938,0.246325746
1939,0.671883941
1940,0.002149905
1941,0.757533133
1942,0.652870595
1943,0.484242648
1944,0.971884668
1945,0.054714669
1946,0.951291144
1947,0.013656759
1948,0.000876726
1949,0.020143399
1950,0.132201657
1951,0.00113802
1952,0.998934031
1953,0.300890803
1954,0.956873715
1955,0.997478962
1956,0.809753597
1957,0.541623652
1958,0.314145327
1959,0.992320716
1960,0.135245055
1961,0.02824555
1962,0.813958406
1963,0.515231907
1964,0.683266282
1965,0.804478645
1966,0.64688915
1967,0.957028091
1968,0.883595347
1969,0.016732868
1970,0.389739871
1971,0.195584029
1972,0.000327306
1973,0.997899234
1974,0.106417768
1975,0.982850611
1976,0.337359071
1977,4.54074E-05
1978,0.049129285
1979,0.006114879
1980,0.878746569
1981,0.338815272
1982,0.633920193
1983,0.525137424
1984,0.099090435
1985,0.701624572
1986,0.025338618
1987,0.053502414
1988,0.211298436
1989,0.463590473
1990,0.359702557
1991,0.004224597
1992,0.011712742
1993,0.589463472
1994,0.983778298
1995,0.527375937
1996,1.35418E-05
1997,0.990073621
1998,0.593788266
1999,0.493155599
2000,0.518409073
2001,0.694074631
2002,0.006122442
2003,0.00521574
2004,0.326978445
2005,0.394108772
2006,0.535118878
2007,0.007841341
2008,0.168033749
2009,0.989711761
2010,0.996726394
2011,0.874857545
2012,0.973625958
2013,0.995738208
2014,0.024925346
2015,0.004640123
2016,0.611657977
2017,0.751300395
2018,0.991968095
2019,0.672496736
2020,0.721794903
2021,0.995980084
2022,0.705027401
2023,0.008041555
2024,0.000655093
2025,0.017739264
2026,0.55206269
2027,0.701381922
2028,0.247881845
2029,0.815307438
2030,0.028428392
2031,0.809802115
2032,0.949728489
2033,0.002951054
2034,0.072957076
2035,0.999634385
2036,0.835151792
2037,0.037717309
2038,0.2356451
2039,0.508746147
2040,0.961439669
2041,0.221984491
2042,0.982446194
2043,0.191543326
2044,0.47968933
2045,0.957501113
2046,0.991261601
2047,0.992699146
2048,0.845643818
2049,0.850731313
2050,0.001129495
2051,0.505964637
2052,0.999001741
2053,0.830784082
2054,0.615364194
2055,0.763606727
2056,0.217039376
2057,0.169746414
2058,0.066050351
2059,0.109416522
2060,0.606442332
2061,0.905642569
2062,0.693832278
2063,0.922696769
2064,0.820826292
2065,0.462278605
2066,0.866106689
2067,0.110083044
2068,0.505782783
2069,0.274697751
2070,0.969739079
2071,0.046936709
2072,0.038939383
2073,0.531900823
2074,0.11277689
2075,0.353612244
2076,0.434670776
2077,0.123957478
2078,0.004824572
2079,0.700924397
2080,0.382377505
2081,0.834771156
2082,0.465380728
2083,0.926149786
2084,0.996341944
2085,0.988432109
2086,0.799609184
2087,0.04140171
2088,0.76067245
2089,0.022780413
2090,0.007588171
2091,0.740156591
2092,0.640809238
2093,0.258341581
2094,0.655273855
2095,0.002995111
2096,0.734230697
2097,0.999548137
2098,0.668539584
2099,0.774308324
2100,0.582890689
2101,0.028507264
2102,0.475989848
2103,0.161025688
2104,0.246700257
2105,0.746944368
2106,0.011248018
2107,0.568633378
2108,0.03008477
2109,0.004718329
2110,0.754243135
2111,0.114655875
2112,0.003091152
2113,0.000748198
2114,0.314911038
2115,0.279438049
2116,0.80118382
2117,0.991413534
2118,0.03384646
2119,0.404621929
2120,0.224406973
2121,0.995331168
2122,0.983637452
2123,0.99999851
2124,0.55596453
2125,0.186300024
2126,0.594466567
2127,0.484445423
2128,0.054264385
2129,0.562753022
2130,0
2131,0.402594626
2132,0.510248899
2133,0.000478919
2134,0.995144188
2135,0.931662261
2136,0.979147255
2137,0.011543167
2138,0.050452251
2139,0.010181482
2140,0.520319283
2141,0.450019747
2142,0.20054011
2143,0.600488007
2144,0.707427502
2145,0.079407796
2146,0.453624159
2147,0.024012623
2148,0.017953275
2149,0.960146844
2150,0.067581013
2151,0.918866575
2152,0.961501956
2153,0.196620584
2154,0.532302439
2155,0.996805131
2156,4.20799E-05
2157,0.708147109
2158,0.694672465
2159,0.324156374
2160,0.96173054
2161,0.060647886
2162,0.999980628
2163,0.529753149
2164,0.010322929
2165,0.059720427
2166,0.009149892
2167,0.011063236
2168,0.503817558
2169,0.999947071
2170,0.108528815
2171,0.166891351
2172,0.686831415
2173,0.034381274
2174,0.394626468
2175,0.645176411
2176,0.998881042
2177,0.981767118
2178,0.041629069
2179,0.00799532
2180,0.989257872
2181,0.766832829
2182,0.76225245
2183,0.033157527
2184,0.929484427
2185,0.735148966
2186,0.08313401
2187,0.989836633
2188,0.092208311
2189,0.726876497
2190,0.007934855
2191,0.72077024
2192,0.980876029
2193,0.006997706
2194,0.084121123
2195,0.044063669
2196,0.285404623
2197,0.607670665
2198,0.999988377
2199,0.920700729
2200,0.953588605
2201,0.788810194
2202,0.055097032
2203,0.008120667
2204,0.668465197
2205,0.872967899
2206,0.300142467
2207,0.003272051
2208,0.039788593
2209,0.249513268
2210,0.919670165
2211,0.642303824
2212,0.839392066
2213,0.009451046
2214,0.533898592
2215,0.236207381
2216,0.617843151
2217,0.095020473
2218,0.923829913
2219,0.139402017
2220,3.19615E-05
2221,0.992494583
2222,0.097185679
2223,0.076560676
2224,0.686599851
2225,0.983039975
2226,0.377292484
2227,0.424363762
2228,0.022539137
2229,0.803484678
2230,0.896542072
2231,0.008898372
2232,0.00173405
2233,0.211591572
2234,0.615393221
2235,0.000582902
2236,0.606201351
2237,0.967329383
2238,0.001127987
2239,0.01791659
2240,0.000310125
2241,0.462849736
2242,0.715302348
2243,0.888006568
2244,0.979982555
2245,0.086795956
2246,0.001404147
2247,0.341590911
2248,0.722966015
2249,0.509035349
2250,0.341860265
2251,0.831168115
2252,0.920001924
2253,0.006848696
2254,0.350364834
2255,0.58864218
2256,0.191952512
2257,0.740424514
2258,0.116793722
2259,0.141887799
2260,0.035457481
2261,0.931165099
2262,0.530201554
2263,0.736283243
2264,0.009303783
2265,0.211535186
2266,0.003737485
2267,0.61424613
2268,0.959526241
2269,0.004500494
2270,0.037462752
2271,0.932786226
2272,0.382867455
2273,0.981684625
2274,0.009689369
2275,0.257761687
2276,0.583174229
2277,0.009133643
2278,0.003298071
2279,0.833029211
2280,0.553320229
2281,0.954436421
2282,0.807578921
2283,0.921111703
2284,0.157414094
2285,0.581439674
2286,0.909518778
2287,0.982029438
2288,0.009762685
2289,0.985175192
2290,0.888272882
2291,0.114832349
2292,0.732640624
2293,0.955768108
2294,0.740493655
2295,0.779995441
2296,0.707298517
2297,0.017740935
2298,0.001288182
2299,0.84584254
2300,0.049885236
2301,0.094493493
2302,0.659138978
2303,0.98614347
2304,0.089423709
2305,0.932162881
2306,0.017223477
2307,0.491177619
2308,7.12627E-07
2309,0.005151054
2310,0.912278354
2311,0.784635782
2312,0.982349277
2313,0.029344117
2314,0.886722684
2315,0.539923489
2316,0.035250049
2317,0.059147451
2318,0.562206328
2319,0.653942525
2320,0.999974072
2321,0.966543674
2322,0.024842324
2323,0.027496774
2324,0.016359929
2325,0.529667735
2326,0.477325588
2327,0.020209882
2328,0.012409039
2329,0.912854135
2330,0.008668877
2331,0.815744817
2332,0.996267736
2333,0.362161845
2334,0.66765362
2335,0.833490133
2336,0.788991868
2337,0.271639079
2338,0.008098727
2339,0.061395071
2340,0.997447014
2341,0.693908215
2342,0.418985188
2343,0.002061849
2344,0.585901797
2345,0.69299686
2346,0.902781665
2347,0.016255867
2348,0.783596575
2349,0.199408352
2350,0.928934216
2351,0.987479746
2352,0.946662486
2353,0.215648532
2354,0.989367127
2355,0.503372252
2356,0.442876577
2357,0.424354702
2358,0.769407034
2359,0.814695835
2360,0.995835304
2361,0.794545889
2362,0.984750748
2363,0.99342978
2364,0.751229465
2365,0.656111181
2366,0.984271169
2367,0.989536941
2368,0.297217011
2369,0.867416143
2370,0.000327747
2371,0.169336379
2372,0.604937017
2373,0.257820725
2374,0.959908247
2375,0.094517931
2376,0.101203725
2377,0.103186347
2378,0.029639013
2379,0.563229501
2380,0.021569986
2381,0.010572773
2382,0.596006632
2383,0.15444319
2384,0.691686451
2385,0.120359398
2386,0.574592769
2387,0.999996781
2388,0.157978922
2389,0.999821067
2390,0.716007948
2391,0.836363077
2392,0.975723207
2393,0.577315748
2394,0.595778167
2395,7.78775E-05
2396,0.900246978
2397,0.2095007
2398,0.400955766
2399,0.963793993
2400,0.001773808
2401,0.999615312
2402,0.005611345
2403,0.758662462
2404,0.07670901
2405,0.479762375
2406,0.091476299
2407,0.999906063
2408,0.770211697
2409,0.371089518
2410,0.109748259
2411,0.202853084
2412,0.000689209
2413,0.549919009
2414,0.012399062
2415,0.733463109
2416,0.294294298
2417,0.982868135
2418,0.271585643
2419,0.118143991
2420,0.102441505
2421,0.078481667
2422,0.133511677
2423,0.999967396
2424,0.951829433
2425,0.917640209
2426,0.982684672
2427,0.969083965
2428,0.570733488
2429,0.552227199
2430,0.001383498
2431,0.109842286
2432,0.998669028
2433,0.006185587
2434,0.902793467
2435,0.000119894
2436,0.251115471
2437,0.993628681
2438,0.015092922
2439,0.473343939
2440,0.659226477
2441,0.415464371
2442,0.564524293
2443,0.175019905
2444,0.157074645
2445,0.986294091
2446,0.986532032
2447,0.999918222
2448,0.760576785
2449,0.878993094
2450,0.48783046
2451,0.996148467
2452,0.021634173
2453,0.837858737
2454,0.630153537
2455,0.074611478
2456,0.047368605
2457,0.380114853
2458,0.051270608
2459,0.976055443
2460,0.033763353
2461,0.005590031
2462,0.015796196
2463,0.132037848
2464,0.923655629
2465,0.334831953
2466,0.002880958
2467,0.049809389
2468,0.794329286
2469,0.224751815
2470,0.919037402
2471,0.779213846
2472,0.999379694
2473,0.932107806
2474,0.900901854
2475,0.708163202
2476,0.02884002
2477,0.001236683
2478,0.023367131
2479,0.199606255
2480,0.946193695
2481,0.011446486
2482,0.00274495
2483,0.107731484
2484,0.449982017
2485,0.013097323
2486,0.855599403
2487,0.038586326
2488,0.927943766
2489,0.999966562
2490,0.022533705
2491,1.57335E-09
2492,0.936998487
2493,0.7892223
2494,0.175128967
2495,0.817465961
2496,0.393811345
2497,0.491932452
2498,0.094217636
2499,0.995714128
2500,0.920929313
2501,0.213547215
2502,0.170110852
2503,0.625156105
2504,0.178963363
2505,0.004734389
2506,0.014782393
2507,0.011299479
2508,0.660278797
2509,0.387049675
2510,0.010597983
2511,0.946188927
2512,0.999343157
2513,0.058606744
2514,0.010923641
2515,0.809761703
2516,0.889072776
2517,0.99972862
2518,0.014961204
2519,0.848851502
2520,0.305556834
2521,0.006464485
2522,0.002935739
2523,0.987785995
2524,0.672821641
2525,0.056267343
2526,0.324793875
2527,0.11195381
2528,0.868517995
2529,0.231321841
2530,0.085784338
2531,0.691312671
2532,0.026500456
2533,0.145659015
2534,0.012829522
2535,0.002439097
2536,0.470116407
2537,0.007063511
2538,0.778022051
2539,0.783818722
2540,0.018916745
2541,0.574328005
2542,0.999804914
2543,0.50525707
2544,0.939318061
2545,0.821964324
2546,0.06739822
2547,0.004939642
2548,0.00801988
2549,0.359539896
2550,0.254808307
2551,0.010018696
2552,0.137654081
2553,0.998336017
2554,0.682457209
2555,0.888275266
2556,0.537626088
2557,0.001295315
2558,0.062970445
2559,0.007351851
2560,0.473897755
2561,0.994982779
2562,0.643861949
2563,0.476125509
2564,0.998910427
2565,0.155360311
2566,0.951865613
2567,0.129348665
2568,0.501902997
2569,0.787487864
2570,0.004736146
2571,0.47609514
2572,0.888094783
2573,0.717092574
2574,0.827350676
2575,0.020806724
2576,5.50593E-06
2577,0.989388824
2578,0.877048433
2579,0.053158715
2580,0.953131258
2581,0.460008413
2582,0.417464852
2583,0.574377179
2584,0.836433172
2585,0.040898111
2586,0.083945535
2587,0.017248031
2588,0.296407163
2589,0.999863207
2590,0.037397742
2591,0.995065808
2592,0.613694727
2593,0.937452853
2594,0.030544955
2595,0.466200531
2596,0.999793231
2597,0.463072509
2598,0.999720573
2599,0.002647124
2600,0.755149782
2601,0.199606255
2602,0.003734233
2603,0.148877084
2604,0.98401171
2605,0.019698873
2606,0.199606255
2607,0.634298205
2608,0.067035243
2609,0.000788376
2610,0.017362351
2611,0.031637732
2612,0.99958235
2613,0.187241003
2614,0.976689994
2615,0.731472015
2616,0.488648683
2617,0.999818921
2618,0.924806118
2619,0.676526427
2620,0.44094646
2621,0.057337914
2622,0.604355872
2623,0.996968329
2624,0.691284657
2625,0.089113593
2626,0.878090143
2627,0.070311487
2628,0.691542864
2629,0.002570944
2630,0.077657148
2631,0.051560555
2632,0.193093702
2633,0.943278134
2634,0.489032686
2635,0.000280808
2636,0.997689724
2637,0.000583154
2638,0.553078949
2639,0.010237976
2640,0.993092716
2641,0.500876546
2642,0.003331371
2643,0.641850293
2644,0.133332908
2645,0.025420846
2646,0.033440974
2647,0.459428012
2648,0.000915407
2649,0.016978942
2650,0.994708896
2651,0.479855657
2652,0.060358029
2653,0.140815407
2654,0.006143479
2655,0.977676928
2656,0.999643624
2657,0.007913653
2658,0.001579805
2659,0.000809043
2660,0.990732491
2661,0.57711494
2662,0.035440646
2663,0.794769347
2664,0.647913218
2665,0.032154441
2666,0.507287085
2667,0.052502587
2668,0.439682931
2669,0.420655757
2670,0.005384182
2671,0.233366698
2672,0.232079402
2673,0.804401278
2674,0.459367454
2675,0.376242101
2676,0.972699881
2677,0.776620448
2678,0.023172811
2679,0.018498532
2680,0.896743536
2681,0.781355381
2682,0.005798424
2683,0.026236776
2684,0.880895674
2685,0.969037235
2686,0.381526142
2687,0.073696315
2688,0.597166896
2689,0.959956348
2690,0.514123917
2691,0.999960184
2692,0.765746951
2693,0.03059409
2694,0.004829722
2695,0.999600232
2696,0.457819432
2697,0.00635939
2698,0.03181405
2699,0.893174648
2700,0.038944174
2701,0.121807598
2702,0.125475481
2703,0.143499687
2704,0.852313757
2705,0.003727728
2706,0.003787699
2707,0.99982661
2708,0.827991426
2709,0.081337877
2710,0.982554615
2711,0.111284845
2712,0.149348333
2713,0.965079248
2714,0.999502957
2715,0.880446553
2716,0.064391591
2717,0.259099692
2718,0.816785216
2719,2.96638E-10
2720,0.993119538
2721,0.999855459
2722,0.078398041
2723,0.993052125
2724,0.020092428
2725,0.062172163
2726,0.966407537
2727,0.001027155
2728,0.996805429
2729,0.987200618
2730,0.481143624
2731,0.832267165
2732,0.890080094
2733,0.17054002
2734,0.871784747
2735,0.907214642
2736,0.696087658
2737,0.042288046
2738,0.341030926
2739,0.349645942
2740,0.000147673
2741,0.05324303
2742,0.011566509
2743,0.076206148
2744,0.965696335
2745,0.995574892
2746,0.337983429
2747,0.984650016
2748,0.000753314
2749,0.005565265
2750,0.008479669
2751,0.805383742
2752,0.059215084
2753,0.928912878
2754,0.662325442
2755,0.223592788
2756,0.870073617
2757,0.56365937
2758,0.000289003
2759,0.997527957
2760,0.474913299
2761,0.115492418
2762,0.031974461
2763,0.933845162
2764,0.584854543
2765,0.365013391
2766,0.882101059
2767,0.822547555
2768,0.033231128
2769,0.621938884
2770,0.000569836
2771,0.898879707
2772,0.972020924
2773,0.972368777
2774,0.00846424
2775,0.679725468
2776,0.728155971
2777,0.931754589
2778,0.980921924
2779,0.021034474
2780,0.902343571
2781,0.000250322
2782,0.953802168
2783,0.047932856
2784,0.771320581
2785,0.079734571
2786,0.021750921
2787,0.000755715
2788,0.240702316
2789,0.007104321
2790,0.000554169
2791,0.050852299
2792,0.72221005
2793,0.06752447
2794,0.915785432
2795,0.999887466
2796,0.000963215
2797,0.000874374
2798,0.997049987
2799,0.036445182
2800,0.991308391
2801,0.972583413
2802,0.752501488
2803,0.707891166
2804,0.06590908
2805,0.038445737
2806,0.049041972
2807,0.900571227
2808,0.002174205
2809,0.939509511
2810,0.841584742
2811,0.625485182
2812,0.999975979
2813,0.848523617
2814,0.998594224
2815,0.783035457
2816,0.018293859
2817,0.817136467
2818,0.186346278
2819,0.995805919
2820,0.041213904
2821,0.473990083
2822,0.907025874
2823,0.187779054
2824,0.994664192
2825,0.539732933
2826,0.998586893
2827,0.080850154
2828,0.990957975
2829,0.072872415
2830,0.906260073
2831,0.091859557
2832,0.984398186
2833,0.002863911
2834,0.557484627
2835,0.006203488
2836,0.936127484
2837,0.22228384
2838,0.072598428
2839,0.828079045
2840,0.227854192
2841,0.745653689
2842,0.73652786
2843,0.01715203
2844,0.882440984
2845,0.111430958
2846,0.133884296
2847,0.609035254
2848,0.099268489
2849,0.896806717
2850,0.926574886
2851,0.816629827
2852,0.464728653
2853,0.820661306
2854,0.995876849
2855,0.028846752
2856,0.117530711
2857,0.740936995
2858,0.00167912
2859,0.330852896
2860,0.002869542
2861,0.895125508
2862,0.969821751
2863,0.00657001
2864,0.708538175
2865,7.08023E-07
2866,0.517928302
2867,0.050168116
2868,0.123023517
2869,0.058655564
2870,0.050072338
2871,0.077872574
2872,0.943992734
2873,0.014668175
2874,0.101153113
2875,0.897701323
2876,0.99871701
2877,0.99987644
2878,0.008260844
2879,0.980005443
2880,0.179784715
2881,0.994943559
2882,0.873123407
2883,0.002825916
2884,0.000899035
2885,0.907871306
2886,0.031612162
2887,0.795548737
2888,0.999997735
2889,0.62659663
2890,0.551670969
2891,0.020474516
2892,0.053181771
2893,0.461379498
2894,0.002953386
2895,0.181547955
2896,0.98088485
2897,0.025630016
2898,0.241573751
2899,0.297977954
2900,0.993049264
2901,0.610369742
2902,0.006259658
2903,0.026087804
2904,0.010096928
2905,0.859720588
2906,0.999971807
2907,0.929587603
2908,0.004629507
2909,0.099850751
2910,0.840766072
2911,0.800452828
2912,0.006361819
2913,0.967066407
2914,0.887389243
2915,0.958524823
2916,0.88222307
2917,0.04118292
2918,0.292241037
2919,0.826231837
2920,0.32267648
2921,0.00106551
2922,0.007824583
2923,0.387622714
2924,0.311841697
2925,0.008111915
2926,0.770250499
2927,0.897024214
2928,0.001924473
2929,0.505868852
2930,0.999935329
2931,0.902992666
2932,0.858206928
2933,0.19405283
2934,0.917657375
2935,0.034741636
2936,0.009754769
2937,0.155206129
2938,4.42595E-05
2939,0.758853495
2940,0.027650815
2941,0.549418986
2942,0.212320551
2943,0.029257772
2944,0.422492534
2945,0.718468785
2946,0.272709846
2947,0.991441011
2948,0.940398395
2949,0.708847642
2950,0.043407764
2951,0.318517506
2952,0.20504941
2953,0.241245613
2954,0.036678985
2955,0.008701047
2956,0.012308361
2957,0.701173842
2958,0.932848454
2959,0.948370755
2960,0.522305727
2961,0.046703395
2962,0.765417159
2963,0.900170684
2964,0.247270629
2965,0.99841392
2966,0.507365227
2967,0.748286784
2968,0.999715328
2969,0.013018217
2970,0.000197504
2971,0.000233981
2972,0.909548581
2973,0.025907636
2974,0.91922456
2975,0.003260492
2976,0.003107054
2977,0.000907452
2978,0.06256976
2979,0.029702149
2980,0.872496367
2981,0.007502197
2982,0.002565294
2983,0.879529953
2984,0.009749142
2985,0.180178598
2986,0.956067085
2987,0.000103169
2988,0.004544325
2989,0.003909312
2990,0.544397295
2991,0.279761791
2992,0.063401245
2993,0.022363009
2994,0.998001516
2995,0.053688239
2996,0.128593862
2997,0.002829208
2998,0.052045822
2999,0.199606255
3000,0.00572029
3001,0.007322629
3002,0.198838472
3003,0.973158062
3004,0.003068349
3005,0.724552691
3006,0.948690474
3007,0.199606255
3008,0.091926903
3009,0.137824878
3010,0.011257621
3011,0.003034804
3012,0.17203106
3013,0.125125185
3014,0.566594064
3015,0.04423707
3016,0.027316034
3017,0.776389658
3018,0.786581278
3019,0.367606193
3020,0.93314153
3021,0.626324117
3022,0.018226782
3023,0.000504187
3024,0.011988189
3025,0.000778579
3026,0.048159555
3027,0.01943774
3028,0.007183048
3029,0.522214949
3030,0.002983866
3031,0.649426639
3032,0.061402809
3033,0.245715126
3034,0.830019951
3035,0.895316064
3036,0.934260011
3037,0.947640061
3038,0.552148759
3039,0.00361708
3040,0.06437625
3041,0.611625433
3042,0.999610007
3043,0.004650592
3044,0.336765558
3045,0.072850451
3046,0.999622643
3047,0.077087127
3048,0.005476168
3049,0.797628403
3050,0.546925902
3051,0.99691081
3052,0.000224957
3053,0.107497573
3054,0.001553609
3055,0.02047224
3056,0.009716264
3057,0.175114751
3058,0.290762424
3059,0.84423703
3060,0.938345909
3061,0.501738131
3062,0.10324242
3063,0.560526252
3064,0.978161752
3065,0.858305633
3066,0.305327535
3067,0.727844477
3068,0.514335513
3069,0.03241555
3070,0.303649515
3071,0.999836147
3072,0.075996168
3073,0.96022892
3074,0.009768588
3075,0.150596559
3076,0.051735118
3077,0.094718292
3078,0.930857837
3079,0.009233008
3080,0.822748363
3081,0.247321382
3082,0.520110309
3083,0.884707987
3084,0.953647971
3085,0.573964477
3086,0.509183109
3087,0.505690217
3088,0.747550428
3089,0.000135027
3090,0.085702553
3091,0.76578021
3092,0.839671433
3093,0.958326101
3094,0.003623314
3095,0.018566126
3096,0.000183212
3097,0.760413706
3098,0.001304155
3099,0.999738932
3100,0.219808325
3101,0.942661643
3102,0.946711123
3103,0.001318556
3104,0.00087288
3105,0.653389812
3106,1
3107,0.978474081
3108,0.921762109
3109,0.353057981
3110,0.571311772
3111,0.685560822
3112,0.177810624
3113,0.513007104
3114,0.895070136
3115,0.872015357
3116,0.519080698
3117,0.146789476
3118,0.538503826
3119,0.695898712
3120,0.030459328
3121,0.015528872
3122,0.001473804
3123,0.819498479
3124,0.866165519
3125,0.959504068
3126,0.027385447
3127,0.016659586
3128,0.012390388
3129,0.003284928
3130,0.526766181
3131,0.831574678
3132,0.518117011
3133,0.012433127
3134,0.000445195
3135,0.28336367
3136,0.828145027
3137,0.733265519
3138,0.2570225
3139,0.189296648
3140,0.183071271
3141,0.597403467
3142,0.583779275
3143,0.993227482
3144,0.992980838
3145,0.016659446
3146,0.002801175
3147,0.007284621
3148,0.004331004
3149,0.650725365
3150,0.167914525
3151,0.896193504
3152,0.024404276
3153,0.003994038
3154,0.857228398
3155,0.004280592
3156,0.57017386
3157,0.00672325
3158,0.032116897
3159,0.182498857
3160,0.195528463
3161,0.844673693
3162,7.32488E-05
3163,0.016238369
3164,0.026919223
3165,0.659099698
3166,0.442892224
3167,0.069066577
3168,0.448708653
3169,0.002538625
3170,0.003027559
3171,0.423023909
3172,0.436325401
3173,0.025800494
3174,0.004839045
3175,0.259192109
3176,0.957624614
3177,0.02171208
3178,0.966089725
3179,0.007346146
3180,0.999979556
3181,0.216137961
3182,0.91402036
3183,0.005398634
3184,0.238965273
3185,0.048713185
3186,0.022288756
3187,0.982997298
3188,0.035247367
3189,0.405878663
3190,0.919847369
3191,0.041745763
3192,0.558262348
3193,0.098620139
3194,0.97972399
3195,0.993931651
3196,0.406401277
3197,0.214691356
3198,0.251181126
3199,0.131694287
3200,0.024885574
3201,0.018749662
3202,0.70495826
3203,0.881306052
3204,0.494931549
3205,0.000217906
3206,0.986488283
3207,0.912188053
3208,0.42152667
3209,0.090041116
3210,0.748523712
3211,0.584679425
3212,0.004836166
3213,0.360010058
3214,0.140796363
3215,0.193016306
3216,0.042263471
3217,0.387625635
3218,0.852719009
3219,0.721750021
3220,0.561387122
3221,0.001458373
3222,0.255550086
3223,0.105035551
3224,0.998108566
3225,0.696819007
3226,0.537593067
3227,0.000426801
3228,0.985273361
3229,0.079455964
3230,0.303189099
3231,0.996620238
3232,0.73858279
3233,0.009355797
3234,0.022635661
3235,0.311671197
3236,0.513527095
3237,0.205272675
3238,0.330392748
3239,0.341910899
3240,0.990469038
3241,0.001310911
3242,0.922488511
3243,0.998715341
3244,0.016303655
3245,0.784217
3246,0.082287155
3247,0.02311304
3248,0.830647647
3249,0.519693434
3250,0.001095545
3251,0.992455065
3252,0.018616151
3253,0.001920058
3254,0.996547043
3255,0.853647172
3256,0.072301157
3257,0.046543796
3258,0.275884897
3259,0.946141124
3260,0.541685164
3261,0.018790575
3262,0.000743524
3263,0.74001056
3264,0.980647266
3265,0.241756171
3266,0.950741053
3267,0.190416023
3268,0.700112998
3269,0.947405815
3270,0.491349012
3271,0.238479525
3272,0.038260832
3273,0.014162882
3274,0.482708156
3275,0.012305382
3276,0.527077913
3277,0.008295285
3278,0.015955295
3279,0.074637264
3280,0.016983064
3281,0.952985168
3282,0.951102614
3283,0.961892068
3284,0.002298185
3285,0.999745667
3286,0.679060817
3287,0.839966178
3288,0.169529974
3289,0.000754647
3290,0.998283565
3291,0.751076639
3292,0.122886248
3293,0.36789158
3294,0.394862115
3295,0.477345139
3296,0.714536667
3297,0.042024985
3298,0.997267604
3299,0.174559712
3300,0.311651796
3301,0.924882412
3302,0.887858689
3303,0.873643517
3304,0.073786214
3305,0.998297393
3306,0.975895703
3307,0.985286832
3308,0.996351719
3309,0.999726474
3310,0.011437252
3311,0.055559196
3312,0.036683146
3313,0.469700396
3314,0.360426933
3315,0.786845565
3316,0.920997679
3317,0.519583702
3318,0.002468985
3319,0.004061298
3320,0.000648837
3321,0.515490353
3322,0.055319101
3323,8.76283E-05
3324,0.090516917
3325,0.014817435
3326,0.489680618
3327,0.695670307
3328,0.09417697
3329,0.199606255
3330,0.074914686
3331,0.743813872
3332,0.17717126
3333,0.123579033
3334,0.999527812
3335,0.080686733
3336,0.799812555
3337,0.741603434
3338,0.668293357
3339,0.05503438
3340,0.99950105
3341,0.875355244
3342,0.277735233
3343,0.973862171
3344,0.098957002
3345,0.595831931
3346,0.887118161
3347,0.739920259
3348,0.703187883
3349,0.703435659
3350,0.811218023
3351,0.028387489
3352,0.213341117
3353,0.008050164
3354,0.470637411
3355,0.253216386
3356,0.115741901
3357,0.046717938
3358,0.058481131
3359,0.10351035
3360,0.970944881
3361,0.100684769
3362,0.17991823
3363,3.20091E-05
3364,0.001143621
3365,0.997250021
3366,0.355162442
3367,0.891406715
3368,0.978315651
3369,0.947496653
3370,0.615127981
3371,0.050157573
3372,0.034246925
3373,0.728515267
3374,0.897439599
3375,0.403380066
3376,0.059510835
3377,0.22550571
3378,0.019901508
3379,0.468721271
3380,0.017506899
3381,0.660717785
3382,0.059191234
3383,0.520550132
3384,0.784826219
3385,0.86821264
3386,0.049902212
3387,0.024300354
3388,0.998827219
3389,0.992422104
3390,0.010758045
3391,0.727171063
3392,0.932872415
3393,0.803856194
3394,0.848000586
3395,0.997775316
3396,0.074709848
3397,0.611276925
3398,0.419856936
3399,0.983931065
3400,0.471211225
3401,0.998533785
3402,0.867252469
3403,0.808856428
3404,0.089589976
3405,0.506097496
3406,0.034058493
3407,0.457961291
3408,0.977149367
3409,0.001475035
3410,0.038425367
3411,0.984770417
3412,0.72001493
3413,0.501604855
3414,0.048846621
3415,0.762408018
3416,0.736549139
3417,0.224827006
3418,0.950214028
3419,0.049162276
3420,0.969263852
3421,0.046038415
3422,0.031980019
3423,0.823172152
3424,0.007636166
3425,0.538271546
3426,0.855390966
3427,0.003569754
3428,0.00326764
3429,0.016652113
3430,0.007746354
3431,0.543146431
3432,0.33472833
3433,0.199606255
3434,0.220936403
3435,0.993067503
3436,0.195749164
3437,0.049475543
3438,0.172889441
3439,0.238568813
3440,0.488939166
3441,0.15549399
3442,0.157666206
3443,0.023856744
3444,0.139663875
3445,0.062046986
3446,0.224061444
3447,0.003069201
3448,0.010889835
3449,0.199606255
3450,0.841669977
3451,0.860556304
3452,0.125010267
3453,0.999402404
3454,0.089946203
3455,0.999714077
3456,0.139367253
3457,0.997866154
3458,0.963303506
3459,0.844658792
3460,0.036803521
3461,0.501308262
3462,0.199606255
3463,0.757982314
3464,0.490107387
3465,0.525112867
3466,0.918652654
3467,0.001636995
3468,0.923695862
3469,0.962262094
3470,0.210949406
3471,0.176873133
3472,0.220801279
3473,0.122470558
3474,0.07627213
3475,0.077946089
3476,0.995917797
3477,0.59637624
3478,0.050893825
3479,0.432935029
3480,0.774153113
3481,0.00103916
3482,0.999951243
3483,0.008553942
3484,0.075795963
3485,0.045760579
3486,0.401518345
3487,0.192249402
3488,0.821916997
3489,0.967738867
3490,0.026087925
3491,0.027844636
3492,0.175412565
3493,0.876908839
3494,0.012344213
3495,0.99912256
3496,0.722832441
3497,0.956848621
3498,0.037987936
3499,0.005543983
3500,0.002774799
3501,0.949388027
3502,2.11947E-05
3503,0.79526937
3504,0.990833402
3505,0.958075106
3506,0.973064005
3507,0.01541682
3508,0.027488844
3509,0.860335827
3510,0.996820867
3511,0.171454713
3512,0.03690755
3513,0.259800822
3514,0.006021115
3515,0.246026799
3516,0.634960294
3517,0.192285284
3518,0.225730449
3519,0.29365322
3520,0.193779439
3521,0.405327439
3522,0.088538595
3523,0.600115895
3524,0.144352138
3525,0.758509576
3526,0.399730563
3527,0.227337763
3528,0.925826728
3529,0.001045688
3530,0.570691586
3531,0.10658107
3532,0.03104949
3533,0.002135525
3534,0.053696502
3535,0.982180536
3536,0.006327453
3537,0.007177317
3538,0.203571931
3539,0.803977311
3540,0.016771464
3541,0.011352179
3542,0.000760702
3543,0.000669044
3544,0.012715733
3545,0.030533591
3546,0.738450825
3547,0.011935215
3548,0.003579986
3549,0.982565403
3550,0.545967579
3551,0.420933843
3552,0.998344183
3553,0.104339145
3554,0.00112348
3555,0.316824585
3556,0.988383472
3557,0.026726635
3558,0.964268208
3559,0.956171155
3560,0.999790728
3561,0.991065681
3562,0.074085027
3563,0.900488198
3564,0.997130573
3565,0.86306864
3566,0.90827769
3567,0.704411507
3568,0.077233329
3569,0.983340561
3570,0.280684203
3571,0.036138497
3572,0.710021317
3573,0.878643095
3574,0.989370525
3575,0.98973453
3576,0.013616403
3577,0.097778141
3578,0.994347513
3579,0.553607464
3580,0.616064191
3581,0.892816901
3582,0.990571558
3583,0.341496199
3584,0.058400501
3585,0.001572215
3586,0.947129428
3587,0.966088116
3588,0.650444269
3589,0.456649154
3590,0.96935153
3591,0.257516593
3592,0.118479066
3593,0.029448668
3594,0.999933124
3595,0.540731788
3596,0.538035512
3597,0.887565374
3598,0.063450687
3599,0.048493087
3600,0.252192408
3601,0.535854816
3602,0.002148851
3603,0.56471771
3604,0.461616635
3605,0.016104
3606,0.292322844
3607,0.215282142
3608,0.18406947
3609,0.002485883
3610,0.051977582
3611,0.883424938
3612,0.958766639
3613,0.518674314
3614,0.682036877
3615,1.41842E-06
3616,0.053961013
3617,0.485158443
3618,0.513162255
3619,0.694511473
3620,0.396026343
3621,0.062202919
3622,0.660592616
3623,0.066618256
3624,0.100105189
3625,0.000166376
3626,0.025573501
3627,0.020929657
3628,0.72502315
3629,0.031601433
3630,0.822175682
3631,0.698488593
3632,0.784646749
3633,0.16824466
3634,0.015632536
3635,0.711049497
3636,0.01500989
3637,0.999996483
3638,0.171937302
3639,0.202369481
3640,0.982392132
3641,0.903308332
3642,0.427570105
3643,0.093175322
3644,0.617374361
3645,0.528546095
3646,0.002419814
3647,0.024917919
3648,0.091075525
3649,0.022916373
3650,0.668159127
3651,0.36605075
3652,0.99545306
3653,0.866349936
3654,0.165790215
3655,0.00515881
3656,0.734546959
3657,0.59400934
3658,0.058772083
3659,0.000357069
3660,0.003059892
3661,0.017626604
3662,0.986374915
3663,0.256136
3664,0.977522492
3665,0.01687832
3666,0.994658172
3667,0.245250344
3668,7.67229E-05
3669,0.408488303
3670,0.546341002
3671,0.558951676
3672,0.458327353
3673,0.866708279
3674,0.136254326
3675,0.199606255
3676,0.067966878
3677,0.788657963
3678,0.983027995
3679,0.111973934
3680,0.261374146
3681,0.355840564
3682,0.615393102
3683,0.230881482
3684,0.019097056
3685,0.114661105
3686,0.37723881
3687,0.038389046
3688,0.119860455
3689,0.013222797
3690,0.718745112
3691,0.0081603
3692,0.505411446
3693,0.002602913
3694,0.000878385
3695,0.248900026
3696,0.199606255
3697,0.575187624
3698,0.021929048
3699,0.110158533
3700,0.868206143
3701,0.028260022
3702,0.199606255
3703,0.960813761
3704,0.339720637
3705,0.213489264
3706,0.416280508
3707,0.099635638
3708,0.014585655
3709,0.199606255
3710,0.236370668
3711,0.922428966
3712,0.66097343
3713,0.175116748
3714,0.279111385
3715,0.090040177
3716,0.01434735
3717,0.913045526
3718,0.156742692
3719,0.020869371
3720,0.843088865
3721,0.240478694
3722,0.233289033
3723,0.11728701
3724,0.950707257
3725,0.005680227
3726,0.999951303
3727,0.001160591
3728,0.999914885
3729,0.581476092
3730,0.246191382
3731,0.012128897
3732,0.010062547
3733,0.142250001
3734,0.783476114
3735,0.099918656
3736,0.00861611
3737,0.991445303
3738,0.010967663
3739,0.578494608
3740,0.019923229
3741,0.019249462
3742,0.018192124
3743,0.011860646
3744,0.974249721
3745,0.429631382
3746,0.038579129
3747,0.001730921
3748,0.16231218
3749,0.021484416
3750,0.026319385
3751,0.130948514
3752,0.947580099
3753,0.199606255
3754,0.008928127
3755,0.889451802
3756,0.824602306
3757,0.12789613
3758,0.021071307
3759,0.72857672
3760,0.401755422
3761,0.962967932
3762,0.37689361
3763,0.925611258
3764,0.154341131
3765,0.681841195
3766,0.938456655
3767,0.070560113
3768,0.689865112
3769,0.014847187
3770,0.656653047
3771,0.199606255
3772,0.006920414
3773,0.760796249
3774,0.913416564
3775,0.993187845
3776,0.472174644
3777,0.048140235
3778,0.620258391
3779,0.755955577
3780,0.575193226
3781,0.018192438
3782,0.166707426
3783,0.124687754
3784,0.000490145
3785,0.045520533
3786,0.632573128
3787,9.37042E-05
3788,1
3789,0.159438491
3790,0.037155692
3791,0.158306196
3792,0.1502354
3793,0.203884333
3794,0.184916213
3795,0.064005099
3796,0.005195462
3797,0.99409306
3798,0.329479575
3799,0.156913161
3800,0.4948816
3801,0.852758527
3802,0.509257853
3803,0.924603701
3804,0.457768977
3805,0.746728182
3806,0.000173665
3807,0.056687143
3808,0.00496945
3809,0.151842698
3810,0.003084054
3811,0.001857211
3812,6.68123E-05
3813,0.852780163
3814,0.365047097
3815,0.000984657
3816,0.163756877
3817,0.708436131
3818,0.023053084
3819,0.010953996
3820,0.888066232
3821,0.648320258
3822,0.220788151
3823,0.999796331
3824,0.743387282
3825,0.002345336
3826,0.911812127
3827,0.249305412
3828,0.058680926
3829,0.348388195
3830,0.000698131
3831,0.839079499
3832,0.046352379
3833,0.006726716
3834,0.646479845
3835,0.015123425
3836,0.020067677
3837,0.129139438
3838,0.682479918
3839,0.099662162
3840,0.035506502
3841,0.094688475
3842,0.206676304
3843,0.00160112
3844,0.99982357
3845,0.717765927
3846,0.019346036
3847,0.016040102
3848,0.335214227
3849,0.990687072
3850,0.048295431
3851,0.999969959
3852,0.77043432
3853,0.017440597
3854,0.059351012
3855,0.405023396
3856,0.177536428
3857,0.004475194
3858,0.139738545
3859,0.974526107
3860,0.612821996
3861,0.995939851
3862,0.968933821
3863,0.013681388
3864,0.999934852
3865,0.854771376
3866,0.245749086
3867,0.49362722
3868,0.041888431
3869,0.972159147
3870,0.034838494
3871,0.292280912
