1,0.15
2,0.3
3,0.85
4,0.2
5,0.1
6,0.9
7,0.1
8,0.05
9,0.85
10,0.05
11,0.9
12,0.9
13,0.05
14,0.55
15,0.95
16,0.95
17,0.75
18,0.95
19,1
20,0.65
21,0.65
22,0.05
23,0.5
24,0.05
25,0
26,1
27,0
28,0.2
29,0.25
30,1
31,0.7
32,0
33,0.15
34,0.95
35,0.5
36,0.05
37,0.15
38,0
39,0.8
40,0.05
41,0.5
42,0.75
43,0.85
44,0.85
45,1
46,0.95
47,0.8
48,0.75
49,0.85
50,0.2
51,0.95
52,0.55
53,0.9
54,0.9
55,1
56,0.95
57,0.1
58,0.6
59,0.45
60,0.95
61,0.7
62,0.15
63,0.55
64,0.55
65,0.05
66,0.2
67,0.75
68,0.1
69,0.8
70,0.95
71,0
72,0.1
73,0
74,0.5
75,0
76,0.1
77,0.15
78,1
79,0.7
80,0.65
81,0.8
82,0.15
83,0.85
84,1
85,0.7
86,0.95
87,0.95
88,0
89,1
90,0
91,0.9
92,0.1
93,0
94,0.6
95,0.9
96,0.85
97,0.55
98,0.85
99,0.6
100,0.5
101,0.95
102,0.85
103,0.95
104,0.7
105,0.4
106,0.9
107,0.85
108,0.85
109,0.6
110,0.8
111,0
112,0.85
113,0.95
114,0.75
115,0.85
116,0.15
117,0.8
118,0.9
119,0.05
120,0.9
121,0
122,0.75
123,0.15
124,0.85
125,0.85
126,0.85
127,0.65
128,0.1
129,0.9
130,0.9
131,0.1
132,0.25
133,1
134,0.05
135,0
136,0.25
137,0.95
138,0.95
139,0.55
140,0
141,1
142,0.8
143,0.45
144,0.15
145,1
146,0.95
147,0.85
148,0.4
149,0.65
150,0.9
151,0.9
152,0.1
153,0.9
154,0.75
155,0.2
156,0.85
157,0.85
158,0.95
159,0.8
160,0.95
161,0.1
162,0.95
163,0.9
164,0.2
165,0.8
166,0.1
167,0.95
168,0.55
169,0.1
170,0.65
171,0.1
172,0.05
173,0.55
174,1
175,0.85
176,0.9
177,0.95
178,0.8
179,0
180,0.1
181,0.05
182,0.15
183,0.85
184,0.8
185,1
186,0.85
187,0.8
188,1
189,0.95
190,0.9
191,0.3
192,0.75
193,0.35
194,0.1
195,0.65
196,0.5
197,0.5
198,0.85
199,0.25
200,0.95
201,0.5
202,0
203,0.1
204,0
205,0.05
206,0.95
207,0.8
208,1
209,0.35
210,0.9
211,0.05
212,0
213,0.95
214,0.95
215,0.65
216,0.1
217,0.15
218,0.4
219,0.65
220,0
221,0.75
222,0.9
223,0.9
224,0.55
225,0.15
226,0.9
227,0.45
228,0.15
229,0.1
230,0.1
231,0.95
232,0.1
233,0.95
234,0.05
235,0.8
236,0.1
237,0.15
238,0.95
239,0.55
240,0
241,0
242,0.95
243,0.85
244,1
245,0.8
246,0.95
247,1
248,0.85
249,0.7
250,0.85
251,0.6
252,0.1
253,0.05
254,0.1
255,0.75
256,0.2
257,0.75
258,0.45
259,0.55
260,0.85
261,0.15
262,0.75
263,0.85
264,0.8
265,0.65
266,0.95
267,0.8
268,0.2
269,0.95
270,0.1
271,0.7
272,0.1
273,0.8
274,0.95
275,0.1
276,0.95
277,0.55
278,1
279,1
280,0
281,0.9
282,0.35
283,0.05
284,0.65
285,0.95
286,0.9
287,0.5
288,0.15
289,0
290,0
291,0
292,0.9
293,0
294,0
295,0.1
296,0.9
297,0.95
298,0.85
299,1
300,0.55
301,0.1
302,1
303,0.7
304,0.65
305,0.25
306,0.05
307,0.9
308,0.95
309,0.5
310,0.2
311,0.9
312,0.85
313,0.85
314,0.1
315,0.05
316,0.65
317,0.9
318,1
319,0.95
320,0.15
321,0.8
322,0.95
323,0.65
324,0.3
325,0.75
326,0.9
327,0.15
328,0.85
329,0.6
330,1
331,0.85
332,0.9
333,0
334,0.05
335,0.15
336,0.85
337,0.95
338,0.85
339,0.7
340,0.85
341,1
342,0.25
343,0.3
344,0.8
345,0.85
346,0.8
347,0.6
348,0
349,0.1
350,0.8
351,0.1
352,0.5
353,0.8
354,0.95
355,0.15
356,0.15
357,0.3
358,0.9
359,0.85
360,1
361,0.45
362,1
363,0
364,0.7
365,0
366,0.95
367,0.95
368,0.1
369,0.3
370,0.45
371,0.95
372,0.5
373,0.15
374,0.8
375,0.4
376,0.45
377,1
378,0.35
379,0.1
380,0.05
381,1
382,0.2
383,0.1
384,0.1
385,0.95
386,0.05
387,0.9
388,0.95
389,0.85
390,0.75
391,0.9
392,0.9
393,0.15
394,0.05
395,0.05
396,0.95
397,0.95
398,0.5
399,0.95
400,0.9
401,0.8
402,0.75
403,0.9
404,0.3
405,0.4
406,0.95
407,1
408,0.6
409,0.9
410,0.9
411,0.4
412,0.75
413,0
414,0
415,0.25
416,0.95
417,0.45
418,0.1
419,0.95
420,0.55
421,0.05
422,0.05
423,0.95
424,0.55
425,0.15
426,0.15
427,0
428,0.85
429,0.05
430,0.9
431,0.5
432,1
433,0.75
434,0.9
435,0.4
436,0.8
437,0.8
438,0.5
439,1
440,0.3
441,0.15
442,0.95
443,1
444,1
445,0.9
446,0.05
447,0.85
448,0.9
449,1
450,0.8
451,0.15
452,0.05
453,1
454,0.05
455,1
456,0.35
457,0.9
458,0.9
459,0.9
460,0.8
461,0.25
462,0.05
463,0.05
464,0.55
465,0.95
466,0.65
467,0.45
468,0.15
469,0.8
470,0.95
471,0.95
472,0.4
473,0.95
474,0.05
475,0.35
476,0.9
477,0.1
478,0.2
479,0.05
480,0.15
481,0.05
482,0.9
483,0.05
484,0.95
485,0.1
486,0.85
487,0.45
488,0.15
489,0.95
490,0.5
491,0.15
492,0.15
493,0.8
494,0.75
495,0.85
496,0.1
497,0.9
498,0
499,0.65
500,0.9
501,0.9
502,0.15
503,0.25
504,0.2
505,0.95
506,0.15
507,0.1
508,0.9
509,0.9
510,0.05
511,0.9
512,0.25
513,0.65
514,0.15
515,0
516,0.95
517,0.95
518,0.15
519,0.85
520,0.1
521,0.5
522,0
523,0.9
524,0.9
525,0.95
526,0.65
527,0.55
528,0.8
529,0.7
530,0.05
531,0.7
532,0.7
533,0.65
534,0.15
535,0.9
536,1
537,0.95
538,0.05
539,0.75
540,0.55
541,0.05
542,0.7
543,0.15
544,0.55
545,0
546,0.9
547,0.85
548,0.7
549,0.9
550,0.1
551,0.95
552,0.1
553,0.1
554,0.95
555,0.65
556,0.75
557,0.45
558,0.05
559,0.85
560,0.9
561,0.7
562,1
563,0.35
564,0.1
565,0.5
566,0.7
567,0.55
568,1
569,0.9
570,0.3
571,0.75
572,0.65
573,0
574,0.15
575,0.1
576,1
577,1
578,0.9
579,0.6
580,0.15
581,0
582,0.9
583,1
584,0.7
585,0.05
586,0.1
587,0.05
588,0.8
589,0.8
590,0.9
591,0.2
592,0.8
593,0.65
594,0.85
595,0
596,0.2
597,0.45
598,0.7
599,0.9
600,0.5
601,0.9
602,0.9
603,0.65
604,0.25
605,0.85
606,0.9
607,0.7
608,0.1
609,0.85
610,0.95
611,0.95
612,0.1
613,0.95
614,0.9
615,0.1
616,0.1
617,0
618,0.15
619,0
620,0.85
621,0
622,0.95
623,0.8
624,0.25
625,0.05
626,0.05
627,0.85
628,0.9
629,0.5
630,0.05
631,0.95
632,0.3
633,0.9
634,0.1
635,0.3
636,0.85
637,0.8
638,0.05
639,0.05
640,0.85
641,0.95
642,0.9
643,0.1
644,0.6
645,1
646,0.95
647,0.05
648,0.1
649,0.1
650,0.8
651,1
652,0.35
653,0.9
654,0.1
655,0.9
656,0
657,0.75
658,0.95
659,0.25
660,0.7
661,0.65
662,0.85
663,1
664,0.2
665,0.9
666,0.9
667,0.4
668,0.1
669,0.8
670,0.2
671,0.95
672,0.75
673,0.7
674,0.95
675,0.9
676,0.85
677,1
678,0.7
679,0.8
680,0.85
681,0.05
682,0.15
683,0.85
684,1
685,0.95
686,0.35
687,0.85
688,0.9
689,0.9
690,0.9
691,0.65
692,0.5
693,0.95
694,0.05
695,1
696,0.75
697,0.8
698,1
699,0.9
700,0.95
701,0
702,0.8
703,0.75
704,0.3
705,0.95
706,0
707,0.05
708,0.9
709,0.45
710,0.15
711,0.05
712,0.1
713,0.2
714,0
715,0.85
716,0.95
717,0.85
718,0.4
719,0.75
720,1
721,0.45
722,0.85
723,0.25
724,0.2
725,0.9
726,1
727,0.9
728,0.65
729,0.75
730,0.95
731,0.95
732,0.85
733,0.85
734,0.05
735,0.35
736,0.5
737,0.85
738,0.55
739,0
740,0.85
741,0.45
742,0.8
743,0.35
744,0.15
745,0.15
746,0.8
747,0.85
748,0.15
749,0.25
750,0.8
751,0
752,0
753,0.45
754,0.9
755,0.8
756,0.75
757,0.75
758,0.85
759,0.85
760,0.8
761,0.9
762,1
763,0.05
764,0.9
765,0.1
766,0.6
767,0.9
768,0.5
769,0.8
770,0.55
771,0.15
772,0.75
773,0.05
774,1
775,0.1
776,0.9
777,0.85
778,0.15
779,0.05
780,0.95
781,0.1
782,0
783,0.75
784,0.95
785,0.95
786,0.6
787,0
788,0.2
789,0.05
790,0.05
791,0.4
792,0.05
793,0.95
794,1
795,0.05
796,0.1
797,0.85
798,0.85
799,0.95
800,0.75
801,0.3
802,0.95
803,0.75
804,0.85
805,0.9
806,1
807,0.65
808,0.9
809,1
810,0.95
811,0.95
812,0.9
813,0.85
814,0.75
815,0.6
816,0.95
817,0.85
818,0.8
819,0.7
820,0.85
821,0.75
822,0.15
823,0.8
824,0.1
825,0.9
826,0.75
827,0.35
828,0.95
829,0.85
830,0.75
831,0.65
832,0.85
833,0.9
834,0.7
835,0.55
836,0.9
837,1
838,0.05
839,0.9
840,0
841,0.85
842,0.95
843,0.85
844,0.05
845,0.5
846,0.1
847,0.15
848,0.05
849,0.7
850,0.4
851,1
852,0
853,0.3
854,0.3
855,0.75
856,0.9
857,0.95
858,0.25
859,0.15
860,0.15
861,0.5
862,0.85
863,0.95
864,0.95
865,0.55
866,0.9
867,0.55
868,0.15
869,0.2
870,0
871,0.05
872,0.9
873,1
874,0.7
875,0.25
876,0.55
877,0.75
878,0.9
879,0.9
880,0.6
881,0.05
882,1
883,0.85
884,0.9
885,0
886,1
887,0.1
888,0.8
889,0.85
890,0.35
891,0.55
892,0.35
893,0.1
894,0.1
895,0.85
896,1
897,0.7
898,0.6
899,0.85
900,0.85
901,0.95
902,0.55
903,0.75
904,0.3
905,0.85
906,0.9
907,0.35
908,0.8
909,0
910,0.95
911,0.95
912,0.15
913,0.05
914,0
915,0.25
916,1
917,0
918,0.55
919,0.05
920,0
921,0.1
922,0.9
923,0.45
924,0.7
925,0.05
926,0.05
927,0.9
928,0.65
929,0.95
930,0.95
931,1
932,0.55
933,1
934,0.35
935,0.85
936,0.65
937,0.75
938,0.95
939,1
940,0.9
941,0.7
942,0.9
943,0.05
944,0.7
945,0.15
946,0.95
947,0.7
948,1
949,0.55
950,0.55
951,0.1
952,0.9
953,0.15
954,0.25
955,0.9
956,0.9
957,0.05
958,0.45
959,0.75
960,0.85
961,0.75
962,0.8
963,0.9
964,0.35
965,0
966,0.2
967,0.05
968,0.05
969,0.55
970,0.9
971,0
972,0.1
973,0.35
974,0.9
975,0.2
976,0.3
977,0.1
978,0.95
979,0.15
980,0.1
981,0.6
982,0.1
983,0.05
984,0.05
985,0.85
986,0
987,1
988,1
989,0.8
990,0.85
991,1
992,0.9
993,0.75
994,1
995,0.05
996,0.5
997,0
998,0.95
999,0.95
1000,0.85
1001,0.15
1002,0.3
1003,0.05
1004,0
1005,0.05
1006,0.1
1007,0.35
1008,0.4
1009,0.85
1010,0.85
1011,0.9
1012,0.2
1013,1
1014,0.1
1015,0.7
1016,0.1
1017,0.05
1018,0.1
1019,0.1
1020,0.75
1021,0.75
1022,0.9
1023,0.85
1024,0.6
1025,0.9
1026,0.9
1027,0.1
1028,0.1
1029,0.55
1030,0.7
1031,0.1
1032,0.05
1033,0.95
1034,0.75
1035,0.6
1036,0.05
1037,0.9
1038,0.5
1039,0.95
1040,0.75
1041,0
1042,0.9
1043,0.55
1044,0.95
1045,0.95
1046,0.65
1047,0.95
1048,0.75
1049,0.1
1050,0.7
1051,0.05
1052,1
1053,0.85
1054,0.1
1055,0.4
1056,0.9
1057,1
1058,0.1
1059,0.1
1060,0.2
1061,0.1
1062,0.95
1063,0.95
1064,0.9
1065,0.25
1066,0.8
1067,0.05
1068,0.35
1069,0.95
1070,0.05
1071,0.65
1072,0
1073,0.95
1074,0.9
1075,0.9
1076,0.85
1077,0.15
1078,0.9
1079,0.45
1080,0.55
1081,0.05
1082,0.5
1083,0.95
1084,0.9
1085,0.1
1086,0.25
1087,0.05
1088,0.15
1089,0.8
1090,0.15
1091,0.7
1092,0.45
1093,0.85
1094,0.9
1095,0.2
1096,0.9
1097,0.95
1098,0.8
1099,0
1100,0.15
1101,0.25
1102,0.35
1103,0.1
1104,0.75
1105,0.7
1106,0.6
1107,0.85
1108,0.1
1109,0.5
1110,0.85
1111,0.9
1112,0.8
1113,0.3
1114,0.4
1115,0.85
1116,0.25
1117,0.6
1118,0.15
1119,0.75
1120,0.45
1121,0.1
1122,0.1
1123,0
1124,0.05
1125,0.4
1126,0.85
1127,0.7
1128,0.85
1129,0.95
1130,0.85
1131,0.85
1132,0.95
1133,0.45
1134,0.7
1135,0
1136,0.9
1137,0.25
1138,0.8
1139,0.1
1140,0.7
1141,0.65
1142,0.95
1143,0.85
1144,0
1145,0.8
1146,0.35
1147,0.4
1148,0.85
1149,0.55
1150,0.25
1151,0.55
1152,0.35
1153,1
1154,0.5
1155,0.95
1156,0.75
1157,0.95
1158,0.05
1159,0.85
1160,0.9
1161,0.4
1162,0.95
1163,0
1164,1
1165,0.95
1166,0.05
1167,0.95
1168,0.55
1169,0.1
1170,0.95
1171,0.5
1172,0.75
1173,0.85
1174,0.15
1175,0.25
1176,0.75
1177,0.05
1178,0.25
1179,0.9
1180,0.45
1181,0.15
1182,0.5
1183,0.2
1184,0.1
1185,0.9
1186,0.1
1187,0.2
1188,0.9
1189,0.85
1190,0.85
1191,0.95
1192,0.8
1193,0.05
1194,0.35
1195,0.8
1196,0.6
1197,0.25
1198,0.2
1199,0.1
1200,0.8
1201,0.1
1202,0.2
1203,0.5
1204,0.05
1205,0.9
1206,0.7
1207,0.3
1208,0.9
1209,0.35
1210,0
1211,0.6
1212,0.95
1213,0.15
1214,0.15
1215,0.8
1216,1
1217,0.05
1218,0.75
1219,0.8
1220,0.65
1221,0.1
1222,0.15
1223,0.05
1224,0.6
1225,0.15
1226,0.95
1227,1
1228,0.95
1229,0.35
1230,0.7
1231,0.2
1232,1
1233,0.2
1234,0.05
1235,0.95
1236,0.85
1237,0.85
1238,0.15
1239,0.9
1240,0.7
1241,0.05
1242,0.1
1243,0.65
1244,0.55
1245,0.9
1246,0.9
1247,0.65
1248,0.25
1249,0.2
1250,0.65
1251,0.1
1252,0.8
1253,0.1
1254,0.45
1255,0.15
1256,0
1257,0.9
1258,0.35
1259,0.65
1260,0.8
1261,0.1
1262,0.55
1263,0.85
1264,0.3
1265,0.05
1266,1
1267,0.95
1268,0.95
1269,0.8
1270,0.75
1271,0.05
1272,0.05
1273,0.85
1274,0.4
1275,0.85
1276,0.9
1277,0.5
1278,0.1
1279,1
1280,0.55
1281,0.25
1282,1
1283,0.85
1284,0.75
1285,0.1
1286,0.85
1287,0.75
1288,0.35
1289,0.9
1290,0.95
1291,0.15
1292,0.95
1293,0.75
1294,0.4
1295,0.85
1296,0.9
1297,0.15
1298,0.15
1299,0.95
1300,0.65
1301,0.85
1302,0.85
1303,1
1304,0.95
1305,0.2
1306,0.25
1307,0.95
1308,0.85
1309,0.85
1310,0.9
1311,0.9
1312,0.8
1313,0.05
1314,0.6
1315,0
1316,0.05
1317,0.15
1318,0.2
1319,0.2
1320,0.9
1321,0.05
1322,0.15
1323,0.1
1324,0.55
1325,0.2
1326,0.9
1327,0.85
1328,0.1
1329,0.8
1330,0.9
1331,1
1332,0.45
1333,0.95
1334,0.6
1335,0.2
1336,0.95
1337,0.7
1338,0.3
1339,0.5
1340,0.95
1341,0.7
1342,0.15
1343,0.5
1344,0.2
1345,0.7
1346,0.1
1347,0.05
1348,0.1
1349,0.65
1350,0
1351,0.85
1352,0.2
1353,0.1
1354,0
1355,0.25
1356,0.55
1357,0.25
1358,0.1
1359,0.05
1360,0.95
1361,0.2
1362,0.25
1363,0.15
1364,0.75
1365,0
1366,0
1367,0.65
1368,0.15
1369,0.8
1370,0.05
1371,0.1
1372,1
1373,0.85
1374,0.05
1375,0.15
1376,0.1
1377,0.1
1378,0.1
1379,0.85
1380,0.95
1381,1
1382,0.95
1383,0.75
1384,0.4
1385,1
1386,0.45
1387,0.15
1388,0.1
1389,0.05
1390,0.95
1391,0.4
1392,0.05
1393,0.45
1394,0.95
1395,0.6
1396,0.8
1397,0.9
1398,1
1399,0.75
1400,0.1
1401,0.45
1402,0.9
1403,0.1
1404,0.15
1405,0.2
1406,0.9
1407,0.85
1408,0.05
1409,0.05
1410,0.9
1411,0.95
1412,0.4
1413,0.95
1414,0.85
1415,0.85
1416,0.9
1417,0.95
1418,0
1419,0.9
1420,0.1
1421,0
1422,0
1423,0.05
1424,0.9
1425,0
1426,0
1427,0.05
1428,0.85
1429,0.15
1430,0.1
1431,0.65
1432,0.6
1433,0.2
1434,0.8
1435,0.75
1436,0.95
1437,1
1438,0.75
1439,0.9
1440,0
1441,0.3
1442,0
1443,0.1
1444,0.05
1445,0.45
1446,0.95
1447,1
1448,0.9
1449,0.3
1450,0.95
1451,0.2
1452,0.8
1453,0.9
1454,0.05
1455,0
1456,0.15
1457,0.9
1458,0.85
1459,0.95
1460,0.85
1461,0.35
1462,0.2
1463,0.55
1464,0.85
1465,0.15
1466,0.1
1467,0.95
1468,0.15
1469,0.8
1470,0.05
1471,0.1
1472,0.9
1473,1
1474,0
1475,0.9
1476,0.9
1477,0.1
1478,0.1
1479,0
1480,0.25
1481,0.9
1482,0.15
1483,0
1484,0.9
1485,0.15
1486,0.9
1487,0.25
1488,0.05
1489,0.95
1490,0.95
1491,0.1
1492,1
1493,0.05
1494,0.8
1495,0.95
1496,0.05
1497,1
1498,0.9
1499,0.95
1500,0.9
1501,0.15
1502,0.65
1503,0.05
1504,0.95
1505,0.1
1506,0.85
1507,0.25
1508,0.95
1509,0.8
1510,0.65
1511,0.3
1512,0.95
1513,0.8
1514,0.1
1515,0.1
1516,0.7
1517,0.9
1518,0.1
1519,0.1
1520,0.95
1521,0.95
1522,0.95
1523,0.1
1524,0.85
1525,0.85
1526,0.25
1527,0.2
1528,0.95
1529,0.95
1530,0.95
1531,0.7
1532,0
1533,0.05
1534,0.3
1535,0.2
1536,0.85
1537,0.85
1538,0.15
1539,0.05
1540,0.85
1541,0.25
1542,0
1543,0.05
1544,1
1545,0.95
1546,0.9
1547,0.9
1548,0.65
1549,0.05
1550,0.05
1551,0
1552,0.05
1553,0.2
1554,0.05
1555,0
1556,0.6
1557,0.1
1558,0.25
1559,0.9
1560,0.3
1561,0.45
1562,0.85
1563,0.8
1564,0.75
1565,0.65
1566,0.15
1567,0.25
1568,0.5
1569,0.4
1570,0.6
1571,0.05
1572,0.7
1573,0.45
1574,0.9
1575,0.9
1576,0.65
1577,0.4
1578,0.1
1579,0.1
1580,0.95
1581,0.1
1582,0.05
1583,0.55
1584,0.75
1585,0.7
1586,0.75
1587,0.9
1588,0.7
1589,0.9
1590,0.95
1591,0.15
1592,0.55
1593,0.9
1594,0.05
1595,0.05
1596,0.1
1597,0.85
1598,1
1599,0.1
1600,0.55
1601,0.35
1602,0.85
1603,0.5
1604,0.9
1605,0.05
1606,0.85
1607,0.95
1608,0.75
1609,0.75
1610,0.85
1611,0.85
1612,0.85
1613,0
1614,0.85
1615,0.9
1616,0.25
1617,0.25
1618,0.75
1619,0.65
1620,0.85
1621,0.8
1622,0.8
1623,0.1
1624,0.1
1625,0.05
1626,0.15
1627,0.1
1628,0.9
1629,0.9
1630,0.7
1631,0.65
1632,0.3
1633,0.7
1634,0.15
1635,0.1
1636,0.05
1637,0.1
1638,0.9
1639,0.8
1640,0.2
1641,0
1642,0.8
1643,0.85
1644,0.9
1645,0.1
1646,0.9
1647,0.65
1648,0.85
1649,0.85
1650,0.8
1651,1
1652,0.05
1653,0.9
1654,0.95
1655,0.85
1656,0.5
1657,0.45
1658,0.1
1659,0.85
1660,0.85
1661,0.1
1662,0.95
1663,0.55
1664,0.1
1665,0.05
1666,0.25
1667,0.45
1668,0.75
1669,0.8
1670,0.1
1671,1
1672,1
1673,0.25
1674,0.05
1675,0.35
1676,0
1677,0.9
1678,0.7
1679,0.05
1680,0.75
1681,0.9
1682,0.6
1683,1
1684,0
1685,0.4
1686,0.05
1687,0.1
1688,0.9
1689,0.8
1690,0.5
1691,0.15
1692,0.15
1693,0.9
1694,0.25
1695,0.25
1696,1
1697,0.85
1698,0.05
1699,0.85
1700,0.05
1701,0.15
1702,0.95
1703,0.4
1704,0.1
1705,0.15
1706,0.05
1707,0.8
1708,0.15
1709,0.3
1710,0.1
1711,0
1712,0.15
1713,0.5
1714,0.1
1715,0.2
1716,0.95
1717,0.1
1718,0.1
1719,0.05
1720,0.65
1721,0.05
1722,0.8
1723,0.9
1724,0
1725,0.85
1726,0.1
1727,0.95
1728,0.75
1729,0.75
1730,0.95
1731,0.2
1732,0.95
1733,0.05
1734,0.05
1735,0.95
1736,0.2
1737,0.75
1738,0.95
1739,0.65
1740,0.25
1741,0.2
1742,0.3
1743,0
1744,1
1745,0.4
1746,1
1747,0.55
1748,0.1
1749,0.05
1750,0.85
1751,0.1
1752,0.05
1753,0.35
1754,0.75
1755,1
1756,0.1
1757,0.95
1758,0.65
1759,0.65
1760,0.65
1761,0.2
1762,0.55
1763,0.85
1764,0.6
1765,0.25
1766,0.95
1767,0.45
1768,0.75
1769,0.5
1770,0.15
1771,0.8
1772,0.85
1773,0.9
1774,0.35
1775,0.05
1776,0.95
1777,0.2
1778,0.9
1779,0.05
1780,0
1781,0.95
1782,0.15
1783,0.25
1784,0.9
1785,0.2
1786,0.85
1787,0.45
1788,0
1789,0.95
1790,0.2
1791,0.4
1792,0.95
1793,0.2
1794,0.9
1795,0.6
1796,0.2
1797,0.05
1798,0.15
1799,0
1800,0.9
1801,0
1802,0.1
1803,0.85
1804,0
1805,0.9
1806,0.15
1807,0.7
1808,0.95
1809,0.1
1810,0.15
1811,0
1812,0.05
1813,0.9
1814,0.05
1815,0.95
1816,0.1
1817,0.7
1818,0.1
1819,0.45
1820,0.65
1821,0.5
1822,0.85
1823,0.95
1824,0.3
1825,0.85
1826,0.8
1827,0.85
1828,0
1829,0.05
1830,0
1831,0.25
1832,0.9
1833,0
1834,0.2
1835,0.65
1836,0.95
1837,0
1838,0.2
1839,0.75
1840,0.7
1841,0.95
1842,0.5
1843,0.9
1844,0.9
1845,0.95
1846,1
1847,0.95
1848,0.15
1849,0.75
1850,0.25
1851,0.95
1852,0.1
1853,0.8
1854,0.95
1855,0.75
1856,0.1
1857,0.55
1858,0.45
1859,0.05
1860,0.6
1861,0.15
1862,0.15
1863,0.05
1864,0.15
1865,0.05
1866,0.15
1867,0.95
1868,0
1869,0.9
1870,0.5
1871,0.05
1872,0.05
1873,0.95
1874,0.05
1875,0.85
1876,0.2
1877,0.05
1878,0.95
1879,0.05
1880,0.35
1881,0.45
1882,0.95
1883,0.15
1884,0.95
1885,0.05
1886,0
1887,0
1888,0.05
1889,0.9
1890,0.05
1891,0.3
1892,0.95
1893,0.15
1894,0.55
1895,0.05
1896,0.95
1897,0.95
1898,0.25
1899,0.45
1900,0.3
1901,0.05
1902,0.95
1903,0.95
1904,0.4
1905,0.9
1906,0
1907,0.5
1908,0.35
1909,0.25
1910,0.8
1911,0.1
1912,0.75
1913,0.95
1914,1
1915,0.75
1916,0
1917,0
1918,0.2
1919,0.15
1920,0.1
1921,0.95
1922,0.05
1923,0.55
1924,0.85
1925,0.9
1926,0.15
1927,0.85
1928,0.05
1929,0.85
1930,0
1931,0.15
1932,0.95
1933,0.25
1934,0.3
1935,0.9
1936,0.95
1937,0.45
1938,0.2
1939,0.95
1940,0
1941,0.9
1942,0.85
1943,0.1
1944,0.65
1945,0.05
1946,0.9
1947,0
1948,0.1
1949,0
1950,0.2
1951,0.15
1952,0.95
1953,0.1
1954,0.65
1955,0.95
1956,0.55
1957,0.8
1958,0.3
1959,0.9
1960,0.05
1961,0
1962,0.65
1963,0.75
1964,0.85
1965,0.85
1966,0.75
1967,0.85
1968,0.75
1969,0.1
1970,0.2
1971,0.1
1972,0.1
1973,0.65
1974,0.05
1975,0.95
1976,0.2
1977,0.05
1978,0.1
1979,0.1
1980,0.8
1981,0.3
1982,0.55
1983,0.4
1984,0.15
1985,0.9
1986,0.1
1987,0.1
1988,0
1989,0.2
1990,0.5
1991,0.05
1992,0.1
1993,0.7
1994,0.8
1995,0.65
1996,0
1997,0.8
1998,0.95
1999,0.6
2000,0.85
2001,0.85
2002,0.1
2003,0.05
2004,0.15
2005,0.5
2006,0.65
2007,0.2
2008,0.15
2009,0.95
2010,0.6
2011,0.35
2012,0.2
2013,0.75
2014,0.3
2015,0.2
2016,0.75
2017,0.9
2018,0.7
2019,0.9
2020,0.95
2021,0.95
2022,0.6
2023,0.1
2024,0.15
2025,0.05
2026,0.75
2027,0.65
2028,0.1
2029,0.75
2030,0.05
2031,0.55
2032,0.4
2033,0.15
2034,0
2035,1
2036,0.9
2037,0.65
2038,0.35
2039,0.05
2040,0.5
2041,0.5
2042,0.35
2043,0.15
2044,0.9
2045,0.55
2046,0.7
2047,0.5
2048,0.75
2049,0.75
2050,0.1
2051,0.65
2052,1
2053,0.9
2054,0.45
2055,0.65
2056,0
2057,0.15
2058,0.4
2059,0.1
2060,0.5
2061,0.4
2062,0.85
2063,0.55
2064,0.85
2065,0.4
2066,0.45
2067,0.15
2068,0.7
2069,0.25
2070,0.9
2071,0.1
2072,0
2073,0.4
2074,0.15
2075,0.7
2076,0.25
2077,0
2078,0
2079,0.55
2080,0.45
2081,0.95
2082,0.25
2083,0.85
2084,0.65
2085,0.9
2086,1
2087,0.3
2088,0.75
2089,0.1
2090,0
2091,0.85
2092,0.9
2093,0.4
2094,0.8
2095,0.1
2096,0.8
2097,0.95
2098,0.2
2099,0.65
2100,0.35
2101,0.05
2102,0.2
2103,0.2
2104,0.2
2105,0.9
2106,0.05
2107,0.75
2108,0.05
2109,0.05
2110,0.8
2111,0
2112,0.1
2113,0.1
2114,0.45
2115,0.2
2116,0.8
2117,0.9
2118,0
2119,0.9
2120,0.45
2121,0.9
2122,0.5
2123,0.95
2124,0.65
2125,0.1
2126,0.95
2127,0.8
2128,0.1
2129,0.6
2130,0.05
2131,0.15
2132,0.4
2133,0.05
2134,0.8
2135,0.95
2136,0.55
2137,0.1
2138,0.2
2139,0.05
2140,0.75
2141,0.15
2142,0
2143,0.9
2144,0.9
2145,0.1
2146,0.05
2147,0.1
2148,0.1
2149,0.85
2150,0.45
2151,0.65
2152,0.8
2153,0.05
2154,0.8
2155,0.9
2156,0.05
2157,0.95
2158,0.95
2159,0.2
2160,0.85
2161,0.15
2162,0.9
2163,0.85
2164,0.1
2165,0.2
2166,0.1
2167,0
2168,0.7
2169,1
2170,0.05
2171,0.15
2172,0.85
2173,0.2
2174,0.3
2175,0.8
2176,0.9
2177,1
2178,0.1
2179,0.2
2180,1
2181,0.4
2182,0.9
2183,0.1
2184,0.65
2185,0.6
2186,0.1
2187,0.95
2188,0.35
2189,0.75
2190,0.1
2191,0.9
2192,0.9
2193,0
2194,0.15
2195,0.05
2196,0
2197,0.85
2198,0.95
2199,1
2200,0.9
2201,0.75
2202,0
2203,0.1
2204,0.85
2205,0.45
2206,0.55
2207,0.05
2208,0.1
2209,0.4
2210,0.9
2211,0.9
2212,0.9
2213,0.2
2214,0.8
2215,0.15
2216,0.75
2217,0.15
2218,0.9
2219,0.3
2220,0.25
2221,0.9
2222,0.3
2223,0.05
2224,0.9
2225,0.6
2226,0.5
2227,0.65
2228,0.1
2229,0.9
2230,0.4
2231,0
2232,0.1
2233,0.1
2234,0.85
2235,0
2236,0.65
2237,0.95
2238,0
2239,0.1
2240,0
2241,0.75
2242,0.25
2243,0.95
2244,0.9
2245,0.1
2246,0.15
2247,0.35
2248,0.85
2249,0.55
2250,0.05
2251,0.5
2252,0.9
2253,0.05
2254,0.25
2255,0.7
2256,0.35
2257,0.15
2258,0.1
2259,0.25
2260,0.15
2261,0.85
2262,0.8
2263,0.8
2264,0
2265,0.75
2266,0
2267,0.6
2268,0.75
2269,0
2270,0.05
2271,0.9
2272,0.75
2273,0.85
2274,0.15
2275,0.15
2276,1
2277,0.05
2278,0.1
2279,1
2280,0.85
2281,0.9
2282,0.6
2283,0.95
2284,0.15
2285,0.7
2286,0.9
2287,0.8
2288,0.05
2289,0.65
2290,0.9
2291,0.15
2292,0.55
2293,0.9
2294,0.8
2295,0.95
2296,0.15
2297,0.05
2298,0.05
2299,0.8
2300,0.1
2301,0.1
2302,0.2
2303,0.95
2304,0.15
2305,0.6
2306,0.1
2307,0.7
2308,0.15
2309,0
2310,0.95
2311,0.6
2312,1
2313,0.1
2314,0.95
2315,0.5
2316,0.15
2317,0.2
2318,0.65
2319,0.75
2320,1
2321,0.75
2322,0.1
2323,0.15
2324,0.05
2325,0.9
2326,0.05
2327,0.05
2328,0.1
2329,0.9
2330,0.1
2331,0.75
2332,0.75
2333,0.05
2334,0.85
2335,0.85
2336,0.95
2337,0.05
2338,0.55
2339,0.1
2340,0.75
2341,0.7
2342,0.4
2343,0.05
2344,0.1
2345,0.4
2346,0.95
2347,0.05
2348,0.35
2349,0.1
2350,0.8
2351,0.85
2352,0.3
2353,0.15
2354,0.85
2355,0.9
2356,0.55
2357,0.6
2358,0.65
2359,0.9
2360,0.5
2361,0.65
2362,0.4
2363,0.8
2364,0.7
2365,0.95
2366,0.9
2367,1
2368,0.25
2369,0.7
2370,0.05
2371,0.2
2372,0.5
2373,0.15
2374,0.65
2375,0.25
2376,0.1
2377,0.05
2378,0.15
2379,0.85
2380,0.05
2381,0.1
2382,0.3
2383,0.15
2384,0.35
2385,0.3
2386,0.5
2387,0.85
2388,0.1
2389,0.9
2390,0.7
2391,0.4
2392,0.9
2393,0.9
2394,0.85
2395,0.3
2396,0.9
2397,0.25
2398,0.3
2399,0.95
2400,0.05
2401,0.9
2402,0.1
2403,0.5
2404,0.1
2405,0.95
2406,0.85
2407,1
2408,0.1
2409,0.55
2410,0.05
2411,0.85
2412,0.05
2413,0.35
2414,0
2415,0.95
2416,0.1
2417,0.95
2418,0.5
2419,0.05
2420,0.3
2421,0.05
2422,0.15
2423,1
2424,0.75
2425,0.9
2426,0.85
2427,0.9
2428,0.25
2429,0.8
2430,0
2431,0.3
2432,0.9
2433,0.05
2434,0.85
2435,0
2436,0.05
2437,0.95
2438,0.05
2439,0.25
2440,0.8
2441,0.5
2442,0.6
2443,0.25
2444,0.1
2445,0.9
2446,0.85
2447,0.95
2448,0.9
2449,0.95
2450,0.9
2451,0.75
2452,0.1
2453,0.8
2454,0.9
2455,0.4
2456,0.3
2457,0.1
2458,0.1
2459,0.95
2460,0.05
2461,0.05
2462,0.1
2463,0.3
2464,1
2465,0.25
2466,0
2467,0.2
2468,0.75
2469,0.1
2470,0.8
2471,0.9
2472,0.8
2473,0.9
2474,0.65
2475,0.65
2476,0
2477,0
2478,0.1
2479,0.15
2480,0.9
2481,0.15
2482,0.1
2483,0
2484,0.6
2485,0.1
2486,0.75
2487,0.05
2488,0.85
2489,0.75
2490,0.2
2491,0
2492,0.7
2493,0.95
2494,0.25
2495,0.85
2496,0.85
2497,0.65
2498,0
2499,1
2500,0.95
2501,0.85
2502,0.3
2503,0.85
2504,0.15
2505,0.1
2506,0.1
2507,0
2508,0.15
2509,0.3
2510,0.25
2511,0.85
2512,1
2513,0
2514,0.05
2515,0.85
2516,0.65
2517,0.75
2518,0.1
2519,0.95
2520,0.2
2521,0.1
2522,0.15
2523,0.85
2524,0.75
2525,0.15
2526,0.1
2527,0.1
2528,1
2529,0
2530,0.1
2531,0.8
2532,0.15
2533,0.05
2534,0
2535,0.15
2536,0.7
2537,0
2538,0.75
2539,0.5
2540,0.05
2541,0.7
2542,1
2543,0.85
2544,0.9
2545,0.35
2546,0.15
2547,0
2548,0.05
2549,0.55
2550,0.1
2551,0.05
2552,0.25
2553,0.9
2554,1
2555,0.75
2556,1
2557,0
2558,0.1
2559,0
2560,0.6
2561,0.8
2562,0.1
2563,0.8
2564,0.95
2565,0.4
2566,1
2567,0.25
2568,0.25
2569,0.95
2570,0.05
2571,0.9
2572,0.3
2573,0.85
2574,1
2575,0.05
2576,0.1
2577,0.75
2578,1
2579,0.15
2580,0.8
2581,0.85
2582,0.2
2583,0.25
2584,0.85
2585,0
2586,0.2
2587,0.05
2588,0.4
2589,0.95
2590,0.1
2591,0.9
2592,0.95
2593,0.85
2594,0.05
2595,0.65
2596,0.3
2597,0.5
2598,1
2599,0
2600,0.85
2601,0.15
2602,0.1
2603,0.15
2604,0.5
2605,0.05
2606,0.15
2607,0.9
2608,0.4
2609,0
2610,0.15
2611,0.05
2612,0.9
2613,0.25
2614,0.85
2615,0.95
2616,0.3
2617,0.8
2618,0.4
2619,0.75
2620,0.55
2621,0.15
2622,0.25
2623,0.95
2624,0.95
2625,0.2
2626,0.9
2627,0.2
2628,0.8
2629,0.2
2630,0
2631,0
2632,0.35
2633,0.7
2634,0.05
2635,0
2636,0.85
2637,0
2638,0.75
2639,0.1
2640,1
2641,0.3
2642,0.05
2643,0.35
2644,0.1
2645,0.15
2646,0.1
2647,0.2
2648,0.05
2649,0.1
2650,0.9
2651,0.9
2652,0.25
2653,0.7
2654,0.15
2655,0.35
2656,0.7
2657,0.05
2658,0
2659,0.05
2660,0.95
2661,0.75
2662,0.15
2663,0.6
2664,0.6
2665,0.15
2666,0.8
2667,0.05
2668,0.45
2669,0.3
2670,0
2671,0.2
2672,0.1
2673,0.8
2674,0.15
2675,0.25
2676,0.9
2677,0.65
2678,0.2
2679,0.15
2680,0.95
2681,0.9
2682,0.1
2683,0.2
2684,0.85
2685,0.95
2686,0.35
2687,0.05
2688,0.2
2689,0.5
2690,0.25
2691,0.95
2692,0.6
2693,0.05
2694,0.05
2695,0.85
2696,0.7
2697,0.2
2698,0
2699,0.65
2700,0.05
2701,0.1
2702,0.1
2703,0.2
2704,0.85
2705,0.05
2706,0.05
2707,0.95
2708,0.85
2709,0.15
2710,1
2711,0.2
2712,0.3
2713,0.85
2714,1
2715,0.9
2716,0.25
2717,0.15
2718,0.9
2719,0.2
2720,0.95
2721,0.75
2722,0.15
2723,1
2724,0.05
2725,0.2
2726,0.9
2727,0.05
2728,0.7
2729,0.95
2730,0.2
2731,0.3
2732,0.95
2733,0.2
2734,0.95
2735,0.85
2736,0.15
2737,0.05
2738,0.2
2739,0.4
2740,0
2741,0.05
2742,0.05
2743,0.05
2744,1
2745,0.95
2746,0.5
2747,0.9
2748,0.15
2749,0.1
2750,0.05
2751,0.65
2752,0.05
2753,0.8
2754,0.7
2755,0.15
2756,0.6
2757,0.15
2758,0.05
2759,0.85
2760,0.75
2761,0.1
2762,0.3
2763,1
2764,0.7
2765,0.25
2766,0.75
2767,0.8
2768,0.15
2769,0.95
2770,0
2771,0.3
2772,0.5
2773,0.95
2774,0.05
2775,0.8
2776,0.85
2777,0.9
2778,0.95
2779,0.05
2780,0.75
2781,0.05
2782,0.95
2783,0
2784,0.8
2785,0.05
2786,0.15
2787,0.05
2788,0.15
2789,0.05
2790,0.05
2791,0.05
2792,0.9
2793,0.2
2794,0.1
2795,0.95
2796,0.05
2797,0.1
2798,0.9
2799,0.15
2800,0.55
2801,0.75
2802,0.95
2803,0.9
2804,0.1
2805,0.05
2806,0
2807,0.85
2808,0.15
2809,0.95
2810,0.8
2811,0.65
2812,1
2813,0.8
2814,0.9
2815,0.55
2816,0.15
2817,0.75
2818,0.05
2819,0.55
2820,0.1
2821,0.9
2822,0.95
2823,0.15
2824,0.7
2825,0.95
2826,0.9
2827,0.15
2828,0.8
2829,0.05
2830,0.5
2831,0.3
2832,0.9
2833,0
2834,0.7
2835,0.35
2836,0.3
2837,0.05
2838,0
2839,0.95
2840,0.05
2841,0.9
2842,1
2843,0
2844,0.75
2845,0.1
2846,0.15
2847,0.75
2848,0.15
2849,0.55
2850,0.8
2851,0.65
2852,0.95
2853,0.5
2854,0.75
2855,0.05
2856,0.1
2857,0.85
2858,0.1
2859,0.2
2860,0.05
2861,0.65
2862,0.6
2863,0.15
2864,0.85
2865,0
2866,0.85
2867,0.05
2868,0.2
2869,0
2870,0
2871,0.15
2872,0.9
2873,0
2874,0.2
2875,0.85
2876,0.8
2877,0.9
2878,0.2
2879,0.9
2880,0.1
2881,0.45
2882,0.65
2883,0.15
2884,0
2885,0.85
2886,0.1
2887,0.35
2888,1
2889,0.9
2890,0.9
2891,0.05
2892,0.05
2893,0.65
2894,0.1
2895,0.2
2896,0.95
2897,0.3
2898,0.4
2899,0.25
2900,0.95
2901,0.85
2902,0.05
2903,0.1
2904,0
2905,0.25
2906,0.95
2907,0.6
2908,0.15
2909,0.1
2910,0.5
2911,0.55
2912,0.1
2913,0.9
2914,0.8
2915,0.35
2916,1
2917,0.15
2918,0.55
2919,0.85
2920,0.15
2921,0.25
2922,0.05
2923,0.75
2924,0.1
2925,0.05
2926,0.8
2927,0.1
2928,0
2929,0.85
2930,0.9
2931,0.45
2932,0.75
2933,0.1
2934,0.9
2935,0.1
2936,0.1
2937,0.05
2938,0.1
2939,0.95
2940,0
2941,0.25
2942,0.1
2943,0
2944,0.4
2945,0.95
2946,0.05
2947,0.95
2948,0.95
2949,0.8
2950,0.05
2951,0.2
2952,0.25
2953,0.35
2954,0.05
2955,0.05
2956,0
2957,0.8
2958,0.9
2959,0.85
2960,0.9
2961,0.05
2962,0.5
2963,0.6
2964,0.15
2965,1
2966,0.45
2967,0.5
2968,0.9
2969,0.05
2970,0.05
2971,0
2972,0.95
2973,0.15
2974,0.25
2975,0
2976,0.1
2977,0.05
2978,0.05
2979,0.05
2980,1
2981,0.1
2982,0.15
2983,0.6
2984,0.1
2985,0.15
2986,0.45
2987,0.1
2988,0.05
2989,0.15
2990,0.9
2991,0.1
2992,0.15
2993,0.05
2994,0.9
2995,0
2996,0.15
2997,0
2998,0.15
2999,0.15
3000,0.2
3001,0
3002,0.2
3003,0.75
3004,0.05
3005,0.35
3006,0.45
3007,0.15
3008,0.15
3009,0.15
3010,0.15
3011,0
3012,0.4
3013,0.05
3014,0.65
3015,0.05
3016,0
3017,0.85
3018,0.85
3019,0.35
3020,0.6
3021,0.8
3022,0.15
3023,0.05
3024,0.15
3025,0
3026,0.1
3027,0.1
3028,0.1
3029,0.1
3030,0.1
3031,0.85
3032,0.2
3033,0.15
3034,0.85
3035,0.75
3036,0.9
3037,0.85
3038,0.9
3039,0.1
3040,0.1
3041,0.4
3042,1
3043,0.05
3044,0.25
3045,0.05
3046,1
3047,0.2
3048,0.1
3049,0.35
3050,0.9
3051,0.7
3052,0
3053,0.15
3054,0.15
3055,0.45
3056,0.15
3057,0
3058,0.1
3059,0.55
3060,0.8
3061,0.9
3062,0.05
3063,0.55
3064,0.8
3065,0.95
3066,0.45
3067,0.55
3068,0.85
3069,0.25
3070,0.55
3071,1
3072,0.1
3073,0.95
3074,0.1
3075,0.25
3076,0
3077,0.15
3078,0.9
3079,0
3080,0.7
3081,0.4
3082,0.85
3083,0.2
3084,0.95
3085,0.95
3086,0.95
3087,0.95
3088,0.55
3089,0.1
3090,0.05
3091,0.95
3092,0.9
3093,0.9
3094,0.15
3095,0.15
3096,0.05
3097,0.1
3098,0
3099,1
3100,0.15
3101,0.85
3102,0.6
3103,0.1
3104,0
3105,0.65
3106,1
3107,0.75
3108,0.65
3109,0.25
3110,0.9
3111,0.9
3112,0.1
3113,0.8
3114,0.7
3115,0.6
3116,0.9
3117,0.1
3118,0.4
3119,0.65
3120,0.05
3121,0.05
3122,0.05
3123,0.8
3124,0.9
3125,1
3126,0.15
3127,0.1
3128,0.15
3129,0.1
3130,0.5
3131,0.5
3132,0.6
3133,0.05
3134,0
3135,0.15
3136,0.45
3137,0.25
3138,0.1
3139,0.2
3140,0.3
3141,0.1
3142,0.6
3143,0.95
3144,1
3145,0.05
3146,0.15
3147,0.1
3148,0.1
3149,0.75
3150,0.4
3151,0.4
3152,0.1
3153,0.25
3154,0.95
3155,0
3156,0.25
3157,0.1
3158,0.1
3159,0.1
3160,0.1
3161,0.7
3162,0.05
3163,0.05
3164,0.1
3165,0.85
3166,0.2
3167,0.1
3168,0.6
3169,0.05
3170,0.1
3171,0.4
3172,0.9
3173,0.05
3174,0.05
3175,0.25
3176,0.6
3177,0.05
3178,0.4
3179,0.15
3180,0.9
3181,0.2
3182,0.2
3183,0.1
3184,0.3
3185,0.15
3186,0
3187,0.7
3188,0
3189,0.1
3190,0.75
3191,0.15
3192,0.75
3193,0.05
3194,0.85
3195,0.95
3196,0.25
3197,0.25
3198,0.05
3199,0.05
3200,0.05
3201,0.05
3202,0.65
3203,0.95
3204,0.1
3205,0.1
3206,0.95
3207,0.8
3208,0.1
3209,0.3
3210,0.9
3211,0.5
3212,0.05
3213,0.75
3214,0.6
3215,0.25
3216,0.05
3217,0.15
3218,0.65
3219,0.95
3220,0.9
3221,0.05
3222,0.15
3223,0.15
3224,0.85
3225,0.45
3226,0.95
3227,0.1
3228,0.8
3229,0.4
3230,0.1
3231,0.95
3232,0.95
3233,0.15
3234,0.1
3235,0.05
3236,0.05
3237,0.15
3238,0.15
3239,0.5
3240,0.95
3241,0
3242,0.85
3243,0.95
3244,0.2
3245,0.6
3246,0.1
3247,0.15
3248,0.95
3249,0.65
3250,0.05
3251,0.9
3252,0.1
3253,0
3254,0.85
3255,0.85
3256,0.1
3257,0.15
3258,0.35
3259,1
3260,0.65
3261,0.05
3262,0.05
3263,0.85
3264,0.9
3265,0.55
3266,1
3267,0.15
3268,0.5
3269,0.65
3270,0.55
3271,0.1
3272,0.1
3273,0
3274,0.25
3275,0.05
3276,0.55
3277,0.15
3278,0.05
3279,0.15
3280,0.1
3281,0.95
3282,0.7
3283,0.85
3284,0.05
3285,0.55
3286,0.95
3287,0.65
3288,0
3289,0.05
3290,0.85
3291,0.8
3292,0
3293,0.3
3294,0.75
3295,0.15
3296,0.65
3297,0.25
3298,0.85
3299,0.15
3300,0
3301,0.95
3302,0.75
3303,0.65
3304,0.15
3305,0.95
3306,0.95
3307,0.9
3308,0.9
3309,1
3310,0.2
3311,0.15
3312,0.05
3313,0.15
3314,0.1
3315,0.85
3316,0.95
3317,0.15
3318,0
3319,0.05
3320,0.1
3321,0.8
3322,0.15
3323,0.05
3324,0.1
3325,0.05
3326,0.8
3327,0.85
3328,0.25
3329,0.15
3330,0
3331,1
3332,0.05
3333,0
3334,1
3335,0.35
3336,0.85
3337,0.7
3338,0.4
3339,0.2
3340,1
3341,0.45
3342,0.25
3343,0.65
3344,0.1
3345,0.25
3346,0.7
3347,0.8
3348,0.95
3349,0.7
3350,0.95
3351,0.05
3352,0.15
3353,0.1
3354,0.75
3355,0.15
3356,0.1
3357,0.2
3358,0.05
3359,0.05
3360,0.85
3361,0.1
3362,0.2
3363,0.1
3364,0.15
3365,0.95
3366,0.4
3367,0.85
3368,0.95
3369,1
3370,0.8
3371,0.55
3372,0.2
3373,0.6
3374,0.65
3375,0.35
3376,0.15
3377,0.15
3378,0
3379,0.45
3380,0.05
3381,0.8
3382,0.3
3383,0.65
3384,0.85
3385,0.85
3386,0
3387,0.05
3388,0.8
3389,0.65
3390,0
3391,0.6
3392,0.4
3393,0.75
3394,0.85
3395,0.85
3396,0.1
3397,0.65
3398,0.25
3399,1
3400,0.8
3401,0.9
3402,0.9
3403,0.65
3404,0.45
3405,0.95
3406,0.1
3407,0.35
3408,1
3409,0.05
3410,0.05
3411,0.9
3412,0.85
3413,0.85
3414,0.1
3415,0.45
3416,0.55
3417,0.45
3418,0.3
3419,0.15
3420,0.9
3421,0.05
3422,0
3423,0.9
3424,0
3425,0.2
3426,0.3
3427,0.1
3428,0.05
3429,0.05
3430,0.05
3431,0.55
3432,0.05
3433,0.15
3434,0.05
3435,0.95
3436,0.15
3437,0.15
3438,0.2
3439,0.1
3440,0.45
3441,0
3442,0.15
3443,0.05
3444,0.2
3445,0.1
3446,0.3
3447,0.1
3448,0.1
3449,0.15
3450,0.95
3451,1
3452,0.4
3453,1
3454,0.05
3455,0.9
3456,0.15
3457,0.95
3458,0.9
3459,0.4
3460,0.05
3461,0.85
3462,0.15
3463,0.3
3464,0.15
3465,0.2
3466,0.95
3467,0.05
3468,0.9
3469,0.55
3470,0.1
3471,0.05
3472,0.2
3473,0.15
3474,0.2
3475,0.15
3476,0.95
3477,0.75
3478,0.35
3479,0.9
3480,1
3481,0
3482,0.95
3483,0.1
3484,0.15
3485,0.2
3486,0.15
3487,0.15
3488,0.75
3489,0.5
3490,0.05
3491,0
3492,0.1
3493,0.8
3494,0
3495,1
3496,0.35
3497,0.5
3498,0.15
3499,0.15
3500,0
3501,0.85
3502,0.05
3503,0.95
3504,0.45
3505,0.2
3506,0.8
3507,0.15
3508,0
3509,0.95
3510,0.85
3511,0.1
3512,0.15
3513,0.15
3514,0.1
3515,0.1
3516,0.6
3517,0.2
3518,0.05
3519,0.1
3520,0.25
3521,0.1
3522,0.2
3523,0.35
3524,0.2
3525,0.95
3526,0.7
3527,0.1
3528,0.55
3529,0.05
3530,0.05
3531,0.15
3532,0.05
3533,0
3534,0.1
3535,0.9
3536,0.15
3537,0.1
3538,0
3539,0.75
3540,0.1
3541,0.1
3542,0.05
3543,0.1
3544,0.1
3545,0.15
3546,0.45
3547,0
3548,0
3549,0.8
3550,0.9
3551,0.1
3552,0.65
3553,0
3554,0
3555,0.1
3556,0.95
3557,0.15
3558,0.9
3559,0.5
3560,0.85
3561,1
3562,0.15
3563,0.4
3564,0.4
3565,0.75
3566,0.85
3567,0.95
3568,0.3
3569,0.85
3570,0.25
3571,0.15
3572,0.75
3573,0.45
3574,0.8
3575,0.45
3576,0
3577,0
3578,0.9
3579,0.45
3580,0.9
3581,0.95
3582,0.95
3583,0.4
3584,0.1
3585,0.05
3586,0.6
3587,0.9
3588,0.95
3589,0.2
3590,0.85
3591,0.2
3592,0.2
3593,0.1
3594,0.8
3595,0.5
3596,0.85
3597,0.4
3598,0.15
3599,0.15
3600,0.15
3601,0.95
3602,0
3603,0.85
3604,0.1
3605,0.6
3606,0.15
3607,0.2
3608,0.1
3609,0.05
3610,0.2
3611,0.6
3612,0.4
3613,0.85
3614,1
3615,0.05
3616,0.05
3617,0.7
3618,0.25
3619,0.25
3620,0.15
3621,0.1
3622,0.65
3623,0.1
3624,0.1
3625,0
3626,0.15
3627,0.2
3628,0.85
3629,0
3630,1
3631,0.45
3632,0.85
3633,0.25
3634,0.1
3635,0.75
3636,0.1
3637,0.6
3638,0.2
3639,0.1
3640,0.85
3641,0.7
3642,0.85
3643,0.2
3644,0.45
3645,0.25
3646,0.15
3647,0.2
3648,0.4
3649,0.2
3650,0.9
3651,0.05
3652,0.65
3653,0.25
3654,0.15
3655,0
3656,0.85
3657,0.35
3658,0.25
3659,0.2
3660,0.15
3661,0.15
3662,0.9
3663,0.15
3664,0.55
3665,0.05
3666,0.95
3667,0.15
3668,0
3669,0.1
3670,0.4
3671,0.3
3672,0.45
3673,0.95
3674,0.25
3675,0.15
3676,0.05
3677,1
3678,0.85
3679,0.2
3680,0
3681,0.2
3682,0.65
3683,0
3684,0.15
3685,0.15
3686,0.15
3687,0.55
3688,0.15
3689,0
3690,0.9
3691,0.25
3692,0.65
3693,0.05
3694,0.1
3695,0.1
3696,0.15
3697,1
3698,0.05
3699,0.15
3700,0.6
3701,0
3702,0.15
3703,0.95
3704,0.25
3705,0.25
3706,0.1
3707,0.25
3708,0.05
3709,0.15
3710,0.1
3711,0.95
3712,0.45
3713,0.15
3714,0.15
3715,0.1
3716,0.05
3717,0.85
3718,0.2
3719,0.05
3720,0.75
3721,0.15
3722,0.55
3723,0.05
3724,0.9
3725,0.1
3726,0.65
3727,0.05
3728,1
3729,0.9
3730,0.2
3731,0.1
3732,0.05
3733,0.1
3734,1
3735,0.15
3736,0.6
3737,0.85
3738,0.15
3739,0.75
3740,0.15
3741,0.2
3742,0.05
3743,0
3744,0.9
3745,0.8
3746,0.15
3747,0
3748,0.15
3749,0.25
3750,0.05
3751,0
3752,0.65
3753,0.15
3754,0
3755,0.9
3756,0.7
3757,0.1
3758,0.1
3759,0.5
3760,0.2
3761,0.85
3762,0.25
3763,0.75
3764,0.1
3765,0.8
3766,0.7
3767,0.1
3768,0.8
3769,0.1
3770,0.4
3771,0.15
3772,0
3773,0.2
3774,0.35
3775,0.95
3776,0.9
3777,0.3
3778,0.85
3779,0.75
3780,0.5
3781,0.05
3782,0.15
3783,0.2
3784,0.05
3785,0.15
3786,0.2
3787,0.05
3788,0.75
3789,0
3790,0.1
3791,0.4
3792,0
3793,0.25
3794,0.05
3795,0.15
3796,0.2
3797,0.8
3798,0.1
3799,0.1
3800,0.4
3801,0.2
3802,0.65
3803,0.85
3804,0.65
3805,0.7
3806,0
3807,0.25
3808,0.15
3809,0.05
3810,0
3811,0
3812,0
3813,0.65
3814,0.2
3815,0.2
3816,0.25
3817,0.7
3818,0.15
3819,0.1
3820,0.35
3821,0.85
3822,0.2
3823,0.9
3824,0.7
3825,0
3826,1
3827,0.3
3828,0.05
3829,0.2
3830,0
3831,0.9
3832,0.05
3833,0.05
3834,0.85
3835,0.05
3836,0.05
3837,0.35
3838,0.85
3839,0.15
3840,0.35
3841,0.2
3842,0.1
3843,0.05
3844,1
3845,0.1
3846,0.15
3847,0.05
3848,0.15
3849,0.9
3850,0.2
3851,0.95
3852,0.8
3853,0.05
3854,0.15
3855,0.1
3856,0.15
3857,0.05
3858,0.1
3859,0.4
3860,0.75
3861,0.95
3862,0.85
3863,0.1
3864,0.8
3865,0.5
3866,0.05
3867,0.65
3868,0.3
3869,0.8
3870,0.1
3871,0.2
