1,0.2
2,0.2
3,1
4,0
5,0.1
6,1
7,0.1
8,0
9,0.9
10,0.1
11,0.8
12,0.9
13,0.1
14,0.6
15,0.8
16,1
17,0.5
18,1
19,1
20,0.3
21,0.5
22,0.1
23,1
24,0.2
25,0.2
26,0.8
27,0.1
28,0.6
29,0.1
30,0.9
31,0.7
32,0
33,0
34,0.9
35,0.4
36,0.3
37,0.2
38,0
39,0.4
40,0.1
41,0.8
42,0.4
43,1
44,1
45,0.9
46,0.8
47,1
48,0.8
49,1
50,0.1
51,1
52,0.3
53,0.9
54,1
55,0.9
56,0.8
57,0
58,0.8
59,0.7
60,0.9
61,0.4
62,0.1
63,0.4
64,0.8
65,0
66,0.2
67,1
68,0.1
69,1
70,1
71,0
72,0.1
73,0
74,0.8
75,0
76,0.1
77,0.4
78,0.9
79,0.2
80,0.9
81,0.9
82,0.2
83,1
84,1
85,0.7
86,0.9
87,1
88,0
89,1
90,0.1
91,0.9
92,0.4
93,0.2
94,0.7
95,1
96,0.9
97,0.4
98,1
99,0.7
100,0.1
101,1
102,0.8
103,0.9
104,0.9
105,0.3
106,0.9
107,1
108,0.9
109,1
110,0.8
111,0
112,1
113,1
114,0.8
115,1
116,0.1
117,0.9
118,0.8
119,0
120,0.9
121,0.1
122,0.7
123,0
124,1
125,0.7
126,0.7
127,0.5
128,0
129,1
130,0.9
131,0
132,0.6
133,0.9
134,0.1
135,0
136,0.5
137,0.8
138,0.9
139,0.2
140,0.1
141,0.7
142,0.9
143,0.4
144,0.1
145,1
146,0.9
147,0.9
148,1
149,0.9
150,0.6
151,0.8
152,0.1
153,0.6
154,0.8
155,0.2
156,0.9
157,0.9
158,0.9
159,0.7
160,0.9
161,0.1
162,0.9
163,1
164,0
165,1
166,0.1
167,1
168,0.8
169,0.4
170,0.9
171,0
172,0.1
173,0.5
174,1
175,0.9
176,0.8
177,1
178,1
179,0
180,0.1
181,0.3
182,0
183,0.8
184,0.9
185,0.8
186,0.7
187,1
188,1
189,1
190,1
191,0.8
192,0.9
193,0.1
194,0
195,0.9
196,0.6
197,0.4
198,0.9
199,0.3
200,0.9
201,0.9
202,0.1
203,0
204,0.2
205,0
206,1
207,0.8
208,0.9
209,0.2
210,0.9
211,0.1
212,0
213,1
214,0.9
215,0.9
216,0.3
217,0.1
218,0.3
219,0.2
220,0.1
221,0.9
222,1
223,0.8
224,0.6
225,0.1
226,0.8
227,0.9
228,0.1
229,0
230,0.2
231,0.7
232,0
233,1
234,0.1
235,0.9
236,0.2
237,0.3
238,1
239,0.4
240,0
241,0
242,1
243,0.8
244,0.9
245,1
246,0.9
247,0.5
248,1
249,0.8
250,1
251,0.8
252,0.1
253,0
254,0.1
255,0.7
256,0.1
257,1
258,0.2
259,0.4
260,1
261,0.1
262,0.9
263,0.9
264,1
265,0.5
266,1
267,1
268,0.1
269,0.8
270,0
271,0.9
272,0
273,1
274,0.9
275,0
276,0.9
277,0.3
278,0.9
279,0.9
280,0
281,0.9
282,0.6
283,0
284,0.6
285,0.9
286,1
287,0.5
288,0
289,0
290,0
291,0
292,0.9
293,0
294,0
295,0
296,1
297,0.8
298,0.7
299,0.9
300,0.8
301,0.1
302,0.9
303,0.8
304,0.6
305,0.4
306,0
307,0.9
308,0.8
309,0.4
310,0.2
311,1
312,0.8
313,0.9
314,0.2
315,0
316,0.6
317,1
318,0.9
319,0.8
320,0.1
321,0.8
322,1
323,0.5
324,0.7
325,0.8
326,0.9
327,0
328,1
329,0.7
330,1
331,0.8
332,1
333,0
334,0
335,0
336,0.9
337,1
338,1
339,0.8
340,1
341,1
342,0.3
343,0.3
344,0.8
345,1
346,1
347,0.6
348,0.1
349,0
350,0.8
351,0
352,0.8
353,0.5
354,0.8
355,0.6
356,0
357,0.2
358,1
359,1
360,1
361,0.4
362,1
363,0.2
364,0.2
365,0
366,1
367,1
368,0
369,0.3
370,0.4
371,0.9
372,0.2
373,0
374,0.9
375,0.1
376,0.5
377,1
378,0.3
379,0
380,0
381,0.9
382,0.2
383,0.1
384,0.1
385,1
386,0.1
387,0.9
388,1
389,0.8
390,0.9
391,0.9
392,1
393,0.8
394,0.1
395,0.1
396,1
397,0.9
398,0.4
399,0.8
400,1
401,0.9
402,0.9
403,0.6
404,0.6
405,0.7
406,1
407,1
408,0.2
409,1
410,0.8
411,0.4
412,1
413,0
414,0.1
415,0.7
416,1
417,0.6
418,0
419,1
420,0.6
421,0
422,0
423,1
424,0.4
425,0.1
426,0.1
427,0
428,1
429,0
430,0.8
431,0.6
432,0.9
433,1
434,0.9
435,0.3
436,0.8
437,0.8
438,0.4
439,1
440,0.2
441,0.3
442,1
443,1
444,0.8
445,0.9
446,0.5
447,1
448,1
449,0.7
450,0.9
451,0
452,0.3
453,0.9
454,0.1
455,0.9
456,1
457,0.9
458,0.9
459,0.9
460,0.3
461,0.1
462,0
463,0
464,0.7
465,0.9
466,1
467,0.6
468,0.3
469,0.8
470,0.9
471,0.9
472,0.7
473,0.8
474,0
475,0.1
476,0.9
477,0.1
478,0
479,0
480,0.4
481,0.2
482,0.9
483,0
484,0.9
485,0.1
486,0.8
487,0.3
488,0.1
489,0.9
490,0.7
491,0.2
492,0.3
493,1
494,0.9
495,0.8
496,0.2
497,0.9
498,0
499,0.6
500,0.9
501,0.9
502,0.1
503,0.3
504,0
505,1
506,0.2
507,0
508,0.7
509,0.8
510,0
511,0.8
512,0.2
513,0.6
514,0
515,0
516,0.9
517,0.9
518,0.5
519,0.8
520,0.1
521,0.7
522,0
523,1
524,1
525,0.9
526,1
527,0.4
528,1
529,0.4
530,0.1
531,0.8
532,0.7
533,0.7
534,0
535,1
536,0.9
537,1
538,0
539,0.9
540,0.8
541,0
542,0.7
543,0
544,0.7
545,0
546,0.8
547,0.8
548,0.1
549,0.8
550,0.2
551,0.9
552,0.1
553,0.1
554,0.6
555,0.6
556,0.9
557,0.5
558,0.1
559,1
560,1
561,1
562,0.9
563,0.9
564,0.5
565,0.7
566,1
567,0.9
568,0.9
569,0.9
570,0.2
571,0.8
572,0.5
573,0
574,0
575,0.2
576,0.9
577,1
578,0.8
579,0.4
580,0.8
581,0
582,0.8
583,1
584,0.7
585,0.1
586,0.1
587,0.1
588,0.9
589,0.9
590,0.8
591,0.2
592,0.5
593,0.4
594,0.7
595,0
596,0.3
597,0.9
598,1
599,0.9
600,0.7
601,1
602,1
603,1
604,0.2
605,0.9
606,0.8
607,0.8
608,0.1
609,1
610,0.9
611,0.9
612,0
613,0.7
614,0.9
615,0.1
616,0
617,0
618,0
619,0.1
620,0.9
621,0
622,0.8
623,0.6
624,0.1
625,0.2
626,0.1
627,1
628,1
629,0.8
630,0
631,1
632,0.6
633,1
634,0.1
635,0.7
636,0.9
637,0.8
638,0.1
639,0
640,0.9
641,1
642,1
643,0
644,0.5
645,0.7
646,0.9
647,0.3
648,0
649,0.2
650,0.6
651,0.9
652,0.5
653,1
654,0
655,1
656,0
657,0.4
658,0.7
659,0.5
660,0.5
661,0.6
662,1
663,1
664,0.1
665,0.8
666,0.7
667,0.5
668,0
669,0.2
670,0.3
671,0.8
672,0.6
673,0.9
674,0.7
675,0.9
676,1
677,0.8
678,0.7
679,0.6
680,1
681,0
682,0.3
683,1
684,0.9
685,0.8
686,0.4
687,0.6
688,1
689,0.9
690,0.9
691,0.6
692,0.8
693,1
694,0
695,1
696,1
697,0.5
698,0.9
699,0.8
700,1
701,0
702,1
703,0.8
704,0.9
705,1
706,0
707,0.2
708,0.7
709,1
710,0.5
711,0
712,0
713,0.2
714,0
715,0.9
716,0.8
717,1
718,0.4
719,0.9
720,0.9
721,0.5
722,0.9
723,0.1
724,0.1
725,0.8
726,0.9
727,0.8
728,0.9
729,0.4
730,1
731,0.9
732,0.8
733,0.6
734,0
735,0.2
736,0.6
737,1
738,0.4
739,0.1
740,1
741,0.9
742,0.9
743,0.2
744,0.1
745,0
746,0.9
747,1
748,0.2
749,0.4
750,1
751,0
752,0.2
753,0.6
754,1
755,0.9
756,0.8
757,0.8
758,0.8
759,1
760,0.8
761,1
762,1
763,0.2
764,0.9
765,0
766,0.8
767,0.9
768,0.5
769,1
770,0.7
771,0.1
772,0.6
773,0.1
774,0.9
775,0
776,0.9
777,0.7
778,0.2
779,0.3
780,1
781,0
782,0.2
783,0.6
784,1
785,0.9
786,0.6
787,0
788,0.4
789,0
790,0.3
791,0.4
792,0.2
793,0.7
794,0.6
795,0
796,0
797,1
798,0.7
799,0.9
800,1
801,0.4
802,1
803,0.8
804,0.9
805,1
806,1
807,0.7
808,1
809,0.8
810,0.7
811,0.9
812,0.8
813,0.9
814,1
815,1
816,0.8
817,0.7
818,0.7
819,0.7
820,0.9
821,0.9
822,0.1
823,1
824,0
825,1
826,0.8
827,0.1
828,1
829,1
830,0.7
831,0.8
832,0.9
833,0.9
834,0.6
835,0.8
836,1
837,1
838,0
839,1
840,0.2
841,0.9
842,1
843,1
844,0.1
845,0.6
846,0
847,0
848,0
849,0.8
850,0.4
851,1
852,0
853,0.1
854,0.2
855,0.8
856,0.8
857,0.9
858,0.2
859,0.1
860,0.1
861,0.8
862,0.9
863,1
864,0.9
865,0.9
866,0.9
867,0.5
868,0
869,0.1
870,0
871,0.1
872,0.9
873,1
874,0.5
875,0.1
876,0.5
877,0.7
878,1
879,0.9
880,0.8
881,0.3
882,0.8
883,0.9
884,1
885,0
886,1
887,0
888,0.8
889,0.3
890,0.3
891,0.5
892,0.4
893,0.5
894,0.2
895,0.7
896,1
897,0.9
898,0.9
899,0.9
900,0.9
901,0.9
902,0.9
903,0.7
904,0.2
905,0.8
906,1
907,0.3
908,0.9
909,0
910,0.9
911,0.9
912,0
913,0
914,0.2
915,0.3
916,0.9
917,0
918,0.4
919,0.1
920,0
921,0.2
922,1
923,0.5
924,0.8
925,0
926,0.1
927,0.9
928,0.8
929,1
930,1
931,0.9
932,0.2
933,1
934,0.6
935,0.9
936,0.9
937,0.4
938,0.7
939,1
940,1
941,0.6
942,0.7
943,0.2
944,1
945,0
946,0.8
947,0.8
948,1
949,0.7
950,0.2
951,0.1
952,0.7
953,0.1
954,0.6
955,0.8
956,0.9
957,0
958,0.8
959,1
960,1
961,0.9
962,0.7
963,0.9
964,0.1
965,0.2
966,0.2
967,0
968,0
969,0.7
970,0.8
971,0.1
972,0
973,0.2
974,1
975,0
976,0
977,0.3
978,0.8
979,0.1
980,0.2
981,0.6
982,0
983,0
984,0
985,1
986,0
987,1
988,0.8
989,0.6
990,0.7
991,0.9
992,0.8
993,0.9
994,1
995,0
996,0.9
997,0
998,0.7
999,1
1000,1
1001,0.1
1002,0.2
1003,0.1
1004,0
1005,0
1006,0.2
1007,0.4
1008,0.3
1009,0.8
1010,0.9
1011,0.9
1012,0.3
1013,0.7
1014,0
1015,1
1016,0.1
1017,0
1018,0.1
1019,0
1020,0.7
1021,0.9
1022,1
1023,1
1024,0.8
1025,0.9
1026,1
1027,0
1028,0.1
1029,0.8
1030,0.6
1031,0.1
1032,0.3
1033,0.8
1034,0.7
1035,0.6
1036,0
1037,0.9
1038,0.6
1039,0.9
1040,0.9
1041,0
1042,0.8
1043,0.3
1044,0.8
1045,0.9
1046,0.7
1047,0.9
1048,0.9
1049,0.2
1050,0.7
1051,0
1052,1
1053,0.8
1054,0.1
1055,0.2
1056,0.9
1057,1
1058,0.1
1059,0
1060,0.2
1061,0
1062,1
1063,0.9
1064,1
1065,0.3
1066,0.5
1067,0.2
1068,0.6
1069,0.9
1070,0
1071,0.7
1072,0
1073,0.8
1074,0.7
1075,0.8
1076,0.9
1077,0
1078,1
1079,0.7
1080,0.4
1081,0.1
1082,0.8
1083,1
1084,0.8
1085,0
1086,0
1087,0
1088,0
1089,0.5
1090,0.3
1091,1
1092,0.5
1093,0.8
1094,0.9
1095,0
1096,0.9
1097,1
1098,1
1099,0
1100,0.2
1101,0.5
1102,0.2
1103,0.1
1104,0.7
1105,0.8
1106,0.9
1107,0.9
1108,0
1109,0.6
1110,0.7
1111,0.8
1112,0.9
1113,0.3
1114,0.5
1115,1
1116,0.9
1117,0.2
1118,0.2
1119,0.8
1120,0.4
1121,0.1
1122,0
1123,0
1124,0.1
1125,0.3
1126,0.9
1127,0.5
1128,0.8
1129,1
1130,1
1131,0.8
1132,1
1133,0.2
1134,1
1135,0.1
1136,0.8
1137,0.3
1138,0.8
1139,0
1140,0.9
1141,0.8
1142,0.7
1143,1
1144,0.2
1145,0.6
1146,0.4
1147,0.6
1148,0.8
1149,0.5
1150,0.1
1151,0.3
1152,0.4
1153,0.9
1154,0.8
1155,1
1156,1
1157,0.9
1158,0
1159,0.3
1160,0.9
1161,0.2
1162,1
1163,0
1164,0.9
1165,1
1166,0
1167,1
1168,0.9
1169,0
1170,1
1171,0.8
1172,1
1173,1
1174,0.2
1175,0.2
1176,0.5
1177,0
1178,0.3
1179,0.8
1180,0.6
1181,0.6
1182,0.6
1183,0
1184,0.1
1185,0.8
1186,0
1187,0
1188,0.7
1189,1
1190,0.9
1191,1
1192,0.9
1193,0.1
1194,0.8
1195,0.8
1196,0.8
1197,0.2
1198,0
1199,0.1
1200,0.9
1201,0.2
1202,0
1203,0.4
1204,0.3
1205,0.9
1206,0.9
1207,0.5
1208,1
1209,0.1
1210,0.1
1211,0.9
1212,1
1213,0.1
1214,0.3
1215,0.9
1216,0.8
1217,0
1218,1
1219,0.9
1220,0.6
1221,0
1222,0.1
1223,0
1224,0.8
1225,0.1
1226,1
1227,1
1228,1
1229,1
1230,0.6
1231,0.1
1232,1
1233,0
1234,0
1235,0.8
1236,1
1237,0.8
1238,0.2
1239,0.8
1240,0.8
1241,0.2
1242,0.1
1243,0.7
1244,1
1245,0.8
1246,1
1247,0.6
1248,0.6
1249,0.2
1250,0.5
1251,0
1252,0.9
1253,0.1
1254,0.5
1255,0.1
1256,0
1257,0.7
1258,0.2
1259,0.8
1260,0.6
1261,0.1
1262,0.6
1263,1
1264,0.7
1265,0.3
1266,0.7
1267,0.9
1268,1
1269,0.8
1270,0.7
1271,0
1272,0.1
1273,0.8
1274,0.9
1275,0.9
1276,0.9
1277,0.7
1278,0
1279,1
1280,0.6
1281,0.6
1282,1
1283,0.9
1284,0.9
1285,0.1
1286,1
1287,0.8
1288,0.1
1289,1
1290,1
1291,0.2
1292,1
1293,0.8
1294,0.6
1295,0.9
1296,0.9
1297,0
1298,0.1
1299,0.9
1300,0.8
1301,1
1302,1
1303,1
1304,1
1305,0.1
1306,0.2
1307,0.9
1308,1
1309,0.7
1310,0.9
1311,1
1312,1
1313,0.1
1314,0.4
1315,0.1
1316,0.1
1317,0
1318,0.5
1319,0.3
1320,1
1321,0
1322,0
1323,0.1
1324,0.5
1325,0.2
1326,1
1327,0.8
1328,0.1
1329,0.6
1330,0.9
1331,1
1332,0.4
1333,0.9
1334,0.6
1335,0.5
1336,0.9
1337,0.8
1338,0.6
1339,0.5
1340,1
1341,0.7
1342,0.2
1343,0.4
1344,0.1
1345,0.6
1346,0
1347,0.3
1348,0.1
1349,0.9
1350,0
1351,0.9
1352,0
1353,0.3
1354,0
1355,0.1
1356,0.4
1357,0.2
1358,0
1359,0
1360,0.7
1361,0
1362,0.2
1363,0.3
1364,0.5
1365,0
1366,0.2
1367,1
1368,0.2
1369,0.9
1370,0
1371,0
1372,1
1373,0.8
1374,0.1
1375,0.3
1376,0.1
1377,0
1378,0.1
1379,0.8
1380,1
1381,0.8
1382,0.7
1383,0.8
1384,0.4
1385,1
1386,0.2
1387,0.1
1388,0.1
1389,0
1390,1
1391,0.2
1392,0
1393,1
1394,1
1395,0.7
1396,0.9
1397,0.9
1398,1
1399,0.8
1400,0
1401,0.8
1402,0.9
1403,0
1404,0
1405,0
1406,0.7
1407,1
1408,0.1
1409,0
1410,0.8
1411,0.8
1412,0.3
1413,1
1414,1
1415,0.8
1416,1
1417,0.9
1418,0
1419,0.9
1420,0.2
1421,0.1
1422,0.2
1423,0.1
1424,1
1425,0
1426,0
1427,0.1
1428,0.9
1429,0.1
1430,0
1431,0.6
1432,0.5
1433,0.2
1434,0.7
1435,0.8
1436,1
1437,1
1438,0.8
1439,1
1440,0
1441,0.1
1442,0
1443,0
1444,0
1445,0.5
1446,0.8
1447,1
1448,0.9
1449,0.6
1450,1
1451,0.1
1452,0.7
1453,0.9
1454,0.2
1455,0
1456,0.2
1457,1
1458,0.8
1459,1
1460,0.8
1461,0.1
1462,0.1
1463,0.7
1464,0.9
1465,0.2
1466,0
1467,0.9
1468,0.4
1469,0.9
1470,0
1471,0
1472,0.9
1473,0.8
1474,0.1
1475,0.9
1476,0.8
1477,0.2
1478,0
1479,0.3
1480,0.2
1481,1
1482,0.1
1483,0.2
1484,1
1485,0
1486,0.9
1487,0.1
1488,0.1
1489,1
1490,1
1491,0.1
1492,0.9
1493,0.1
1494,0.7
1495,1
1496,0
1497,1
1498,1
1499,0.9
1500,0.9
1501,0.2
1502,0.2
1503,0.1
1504,1
1505,0.2
1506,1
1507,0
1508,0.9
1509,0.6
1510,0.5
1511,0.3
1512,1
1513,0.8
1514,0.3
1515,0.1
1516,0.7
1517,0.9
1518,0.1
1519,0
1520,1
1521,0.5
1522,0.8
1523,0.1
1524,1
1525,1
1526,0.3
1527,0.1
1528,1
1529,1
1530,1
1531,0.9
1532,0.1
1533,0.2
1534,1
1535,0
1536,0.8
1537,1
1538,0.1
1539,0.2
1540,0.7
1541,0.3
1542,0
1543,0.1
1544,1
1545,1
1546,0.9
1547,1
1548,0.4
1549,0
1550,0
1551,0.1
1552,0.1
1553,0
1554,0.2
1555,0.3
1556,1
1557,0.2
1558,0.3
1559,1
1560,0.2
1561,0.6
1562,1
1563,0.7
1564,1
1565,0.9
1566,0
1567,0.2
1568,0.4
1569,0.2
1570,0.9
1571,0.3
1572,0.7
1573,0.8
1574,0.9
1575,0.9
1576,0.9
1577,0.7
1578,0
1579,0.2
1580,1
1581,0.1
1582,0.2
1583,0.8
1584,0.8
1585,0.9
1586,0.9
1587,1
1588,0.9
1589,0.8
1590,0.9
1591,0
1592,0.8
1593,0.8
1594,0.1
1595,0
1596,0
1597,1
1598,0.9
1599,0.1
1600,0.5
1601,0.1
1602,0.8
1603,1
1604,0.6
1605,0.3
1606,1
1607,0.9
1608,0.8
1609,0.8
1610,0.9
1611,0.8
1612,0.9
1613,0
1614,0.9
1615,0.9
1616,0.1
1617,0.3
1618,0.9
1619,0.7
1620,1
1621,0.9
1622,0.8
1623,0
1624,0
1625,0
1626,0
1627,0
1628,1
1629,0.7
1630,0.4
1631,0.7
1632,0.3
1633,0.5
1634,0
1635,0.1
1636,0
1637,0
1638,0.9
1639,0.9
1640,0.1
1641,0
1642,1
1643,1
1644,0.9
1645,0
1646,0.9
1647,0.9
1648,0.8
1649,0.8
1650,0.7
1651,0.9
1652,0.1
1653,0.8
1654,0.9
1655,0.9
1656,0.6
1657,0.7
1658,0.1
1659,0.9
1660,0.9
1661,0.1
1662,1
1663,0.7
1664,0
1665,0
1666,0.1
1667,0.3
1668,0.9
1669,0.6
1670,0.4
1671,1
1672,0.9
1673,0.2
1674,0.1
1675,0.4
1676,0.1
1677,1
1678,0.7
1679,0
1680,0.9
1681,0.7
1682,0.7
1683,1
1684,0.1
1685,0.4
1686,0
1687,0
1688,0.8
1689,1
1690,0.5
1691,0
1692,0.5
1693,0.8
1694,0.1
1695,0.4
1696,0.9
1697,0.8
1698,0
1699,0.8
1700,0
1701,0
1702,1
1703,0.7
1704,0
1705,0.1
1706,0
1707,0.9
1708,0
1709,0.3
1710,0.1
1711,0.1
1712,0
1713,0.8
1714,0.1
1715,0.3
1716,1
1717,0
1718,0.1
1719,0
1720,0.8
1721,0.1
1722,1
1723,1
1724,0
1725,0.7
1726,0
1727,0.9
1728,0.6
1729,0.8
1730,1
1731,0
1732,0.9
1733,0
1734,0
1735,0.7
1736,0
1737,0.7
1738,1
1739,0.7
1740,0
1741,0.2
1742,0.1
1743,0
1744,0.9
1745,0.2
1746,0.8
1747,1
1748,0.2
1749,0
1750,1
1751,0
1752,0
1753,0.8
1754,0.9
1755,0.8
1756,0
1757,1
1758,0.7
1759,0.9
1760,0.9
1761,0.3
1762,0.7
1763,0.9
1764,0.9
1765,0.1
1766,1
1767,0.3
1768,1
1769,0.5
1770,0.3
1771,1
1772,0.8
1773,0.9
1774,0.5
1775,0
1776,0.9
1777,0.5
1778,0.9
1779,0
1780,0
1781,1
1782,0.1
1783,0.5
1784,1
1785,0.1
1786,0.8
1787,0.5
1788,0
1789,0.9
1790,0.1
1791,0.3
1792,0.9
1793,0
1794,0.9
1795,0.6
1796,0
1797,0.1
1798,0.1
1799,0.2
1800,1
1801,0
1802,0
1803,0.7
1804,0
1805,0.9
1806,0.2
1807,0.8
1808,0.9
1809,0
1810,0.1
1811,0.1
1812,0.2
1813,1
1814,0
1815,1
1816,0.2
1817,1
1818,0.1
1819,0.4
1820,1
1821,0.7
1822,1
1823,0.9
1824,0.4
1825,1
1826,1
1827,0.9
1828,0.1
1829,0
1830,0
1831,0.6
1832,1
1833,0
1834,0
1835,0.8
1836,0.8
1837,0.1
1838,0.1
1839,0.9
1840,1
1841,0.8
1842,0.4
1843,0.8
1844,0.9
1845,0.9
1846,1
1847,1
1848,0
1849,0.8
1850,0.3
1851,1
1852,0
1853,0.9
1854,1
1855,0.9
1856,0.3
1857,0.8
1858,0.1
1859,0
1860,0.4
1861,0.1
1862,0.1
1863,0.1
1864,0
1865,0
1866,0
1867,1
1868,0.1
1869,0.8
1870,0.2
1871,0
1872,0.1
1873,1
1874,0
1875,0.9
1876,0
1877,0
1878,0.9
1879,0.1
1880,0.5
1881,0.6
1882,0.9
1883,0.3
1884,0.7
1885,0
1886,0
1887,0
1888,0.1
1889,1
1890,0.2
1891,0.1
1892,0.8
1893,0.2
1894,0.6
1895,0.1
1896,0.9
1897,0.9
1898,0
1899,0.5
1900,0.5
1901,0.1
1902,1
1903,1
1904,0.4
1905,0.9
1906,0.1
1907,0.3
1908,0.1
1909,0
1910,0.7
1911,0
1912,0.8
1913,0.7
1914,1
1915,0.5
1916,0.2
1917,0.2
1918,0
1919,0.2
1920,0
1921,1
1922,0
1923,0.8
1924,1
1925,0.8
1926,0.6
1927,0.7
1928,0
1929,0.7
1930,0
1931,0.1
1932,0.9
1933,0.3
1934,1
1935,0.8
1936,0.9
1937,0.1
1938,0.3
1939,0.9
1940,0.1
1941,0.8
1942,0.8
1943,0.2
1944,0.9
1945,0
1946,0.7
1947,0
1948,0
1949,0.1
1950,0.1
1951,0.2
1952,0.8
1953,0.1
1954,1
1955,0.9
1956,0.8
1957,0.9
1958,0.1
1959,1
1960,0.3
1961,0
1962,0.9
1963,1
1964,0.8
1965,0.9
1966,1
1967,0.9
1968,0.9
1969,0
1970,0.1
1971,0
1972,0
1973,0.7
1974,0
1975,0.9
1976,0.1
1977,0
1978,0.2
1979,0
1980,0.8
1981,0.4
1982,0.8
1983,0.4
1984,0.2
1985,1
1986,0
1987,0
1988,0.1
1989,0.2
1990,0.7
1991,0.1
1992,0
1993,1
1994,0.8
1995,0.8
1996,0.1
1997,0.9
1998,0.9
1999,0.2
2000,0.9
2001,0.7
2002,0
2003,0.1
2004,0.1
2005,0.4
2006,0.5
2007,0.4
2008,0.4
2009,1
2010,0.9
2011,0.5
2012,0.9
2013,0.9
2014,1
2015,0
2016,0.9
2017,0.9
2018,1
2019,0.9
2020,0.9
2021,0.9
2022,0.3
2023,0.1
2024,0
2025,0
2026,0.3
2027,0.8
2028,0.3
2029,0.9
2030,0.2
2031,0.5
2032,0.6
2033,0
2034,0.2
2035,1
2036,0.9
2037,0.1
2038,0.5
2039,0.1
2040,0.7
2041,0.3
2042,0.2
2043,0.2
2044,1
2045,0.8
2046,1
2047,0.4
2048,0.7
2049,0.9
2050,0
2051,0.4
2052,0.9
2053,0.9
2054,0.4
2055,0.9
2056,0.1
2057,0.1
2058,0.4
2059,0.2
2060,0.6
2061,0.8
2062,1
2063,0.8
2064,0.7
2065,0.5
2066,1
2067,0.1
2068,0.6
2069,0.5
2070,0.9
2071,0.1
2072,0.2
2073,0.3
2074,0.1
2075,0.7
2076,0.3
2077,0
2078,0
2079,1
2080,0.2
2081,0.5
2082,0.2
2083,0.2
2084,1
2085,0.9
2086,1
2087,0.3
2088,0.9
2089,0
2090,0.2
2091,0.8
2092,0.8
2093,0.4
2094,0.8
2095,0
2096,0.9
2097,0.9
2098,0
2099,0.7
2100,0.3
2101,0
2102,0.2
2103,0
2104,0.1
2105,0.9
2106,0.1
2107,0.6
2108,0.1
2109,0.1
2110,0.8
2111,0
2112,0
2113,0.1
2114,0.2
2115,0.3
2116,0.3
2117,0.9
2118,0
2119,0.8
2120,0.6
2121,0.9
2122,0.4
2123,0.8
2124,0.8
2125,0
2126,1
2127,0.3
2128,0
2129,0.7
2130,0.6
2131,0.3
2132,0.4
2133,0
2134,0.9
2135,0.7
2136,0.6
2137,0
2138,0.1
2139,0
2140,0.5
2141,0
2142,0
2143,0.9
2144,0.9
2145,0
2146,0.1
2147,0.1
2148,0.2
2149,0.8
2150,0.2
2151,0.8
2152,0.8
2153,0
2154,0.8
2155,1
2156,0
2157,0.7
2158,0.7
2159,0
2160,0.7
2161,0
2162,1
2163,0.9
2164,0
2165,0.2
2166,0
2167,0.1
2168,1
2169,1
2170,0.4
2171,0.1
2172,0.5
2173,0.1
2174,0.2
2175,0.9
2176,0.9
2177,0.9
2178,0.2
2179,0
2180,1
2181,0.9
2182,0.8
2183,0.3
2184,0.9
2185,0.9
2186,0.2
2187,1
2188,0.3
2189,1
2190,0.1
2191,0.8
2192,1
2193,0
2194,0.1
2195,0
2196,0.2
2197,0.8
2198,0.9
2199,0.9
2200,1
2201,1
2202,0.1
2203,0
2204,0.9
2205,0.7
2206,0.2
2207,0
2208,0
2209,0
2210,1
2211,0.9
2212,0.8
2213,0
2214,0.8
2215,0.2
2216,0.9
2217,0.3
2218,0.9
2219,0
2220,0.3
2221,0.9
2222,0.2
2223,0
2224,0.9
2225,0.9
2226,0.3
2227,0.6
2228,0.1
2229,0.6
2230,0.6
2231,0
2232,0
2233,0
2234,0.9
2235,0
2236,0.5
2237,0.9
2238,0
2239,0
2240,0.1
2241,0.9
2242,0
2243,1
2244,1
2245,0
2246,0
2247,0.5
2248,0.9
2249,0.3
2250,0
2251,0.7
2252,0.8
2253,0
2254,0.2
2255,0.7
2256,0.4
2257,0.1
2258,0
2259,0.3
2260,0.1
2261,1
2262,0.7
2263,0.9
2264,0.1
2265,0.3
2266,0
2267,0.4
2268,0.6
2269,0.1
2270,0
2271,0.9
2272,0.6
2273,1
2274,0.1
2275,0.3
2276,0.9
2277,0
2278,0
2279,0.5
2280,0.6
2281,0.9
2282,0.8
2283,0.7
2284,0
2285,0.9
2286,0.8
2287,1
2288,0.1
2289,0.8
2290,0.8
2291,0.1
2292,0.9
2293,1
2294,0.9
2295,0.9
2296,0.2
2297,0.1
2298,0
2299,1
2300,0
2301,0.1
2302,0.4
2303,0.8
2304,0
2305,0.8
2306,0
2307,0.9
2308,0.4
2309,0
2310,0.8
2311,1
2312,0.7
2313,0
2314,1
2315,0.6
2316,0.1
2317,0.2
2318,1
2319,1
2320,0.9
2321,1
2322,0
2323,0
2324,0
2325,0.8
2326,0.1
2327,0.1
2328,0.1
2329,0.9
2330,0
2331,0.8
2332,0.8
2333,0.2
2334,0.8
2335,0.8
2336,1
2337,0.2
2338,0.7
2339,0
2340,0.9
2341,0.8
2342,0.4
2343,0.2
2344,0.1
2345,0.2
2346,1
2347,0.1
2348,0.1
2349,0.3
2350,0.8
2351,1
2352,0.6
2353,0.1
2354,1
2355,0.9
2356,0.6
2357,0.8
2358,0.9
2359,1
2360,0.3
2361,0.6
2362,0.7
2363,0.9
2364,0.8
2365,0.9
2366,0.8
2367,1
2368,0.4
2369,1
2370,0
2371,0.1
2372,0.5
2373,0.1
2374,0.7
2375,0.2
2376,0
2377,0.1
2378,0.1
2379,1
2380,0
2381,0
2382,0.9
2383,0
2384,0.2
2385,0.4
2386,0.6
2387,1
2388,0.2
2389,0.8
2390,0.8
2391,0.4
2392,0.9
2393,0.9
2394,0.8
2395,0.5
2396,0.6
2397,0.1
2398,0.6
2399,1
2400,0.2
2401,1
2402,0
2403,0.4
2404,0.1
2405,0.9
2406,0.5
2407,0.8
2408,0.1
2409,0.5
2410,0.1
2411,0.6
2412,0.1
2413,0.2
2414,0.1
2415,1
2416,0.2
2417,0.9
2418,0.3
2419,0.1
2420,0.8
2421,0.1
2422,0
2423,0.8
2424,0.9
2425,0.9
2426,0.9
2427,0.9
2428,0.4
2429,1
2430,0
2431,0.2
2432,1
2433,0.1
2434,0.8
2435,0.1
2436,0
2437,1
2438,0
2439,0.4
2440,0.7
2441,0.2
2442,0.7
2443,0.1
2444,0
2445,0.8
2446,1
2447,1
2448,1
2449,1
2450,0.9
2451,0.9
2452,0
2453,0.8
2454,0.9
2455,0.4
2456,0.2
2457,0.1
2458,0
2459,1
2460,0
2461,0
2462,0
2463,0.2
2464,0.9
2465,0.3
2466,0
2467,0.1
2468,0.6
2469,0.1
2470,1
2471,1
2472,0.9
2473,1
2474,1
2475,0.9
2476,0.2
2477,0.1
2478,0
2479,0.2
2480,0.9
2481,0.1
2482,0.1
2483,0
2484,0.9
2485,0.1
2486,0.7
2487,0
2488,1
2489,0.7
2490,0.1
2491,0
2492,0.5
2493,0.9
2494,0
2495,1
2496,0.9
2497,0.7
2498,0
2499,1
2500,0.9
2501,0.5
2502,0
2503,0.9
2504,0.2
2505,0.1
2506,0.1
2507,0.1
2508,0.6
2509,0.1
2510,0
2511,1
2512,1
2513,0
2514,0.1
2515,0.8
2516,0.8
2517,1
2518,0
2519,0.9
2520,0
2521,0
2522,0
2523,1
2524,1
2525,0.1
2526,0
2527,0.1
2528,0.8
2529,0
2530,0.1
2531,1
2532,0
2533,0.2
2534,0.2
2535,0
2536,1
2537,0.2
2538,0.4
2539,0.3
2540,0
2541,0.8
2542,0.9
2543,0.7
2544,0.7
2545,0.8
2546,0
2547,0.1
2548,0.1
2549,0.5
2550,0.1
2551,0
2552,0
2553,0.9
2554,0.6
2555,0.8
2556,0.9
2557,0
2558,0
2559,0
2560,0.3
2561,0.9
2562,0.4
2563,0.8
2564,1
2565,0.5
2566,0.9
2567,0.5
2568,0.4
2569,0.9
2570,0
2571,0.8
2572,0.9
2573,1
2574,1
2575,0.1
2576,0.4
2577,0.9
2578,0.9
2579,0.1
2580,0.9
2581,0.5
2582,0.3
2583,0.3
2584,0.9
2585,0
2586,0
2587,0
2588,0.3
2589,1
2590,0
2591,1
2592,0.6
2593,0.9
2594,0
2595,0.5
2596,1
2597,0.3
2598,0.9
2599,0
2600,0.9
2601,0.2
2602,0.1
2603,0
2604,0
2605,0
2606,0.2
2607,1
2608,0.1
2609,0
2610,0.1
2611,0
2612,0.9
2613,0.1
2614,1
2615,0.9
2616,0.3
2617,0.8
2618,0.6
2619,0.9
2620,0.6
2621,0.2
2622,0.1
2623,1
2624,1
2625,0
2626,1
2627,0.3
2628,1
2629,0.4
2630,0.2
2631,0
2632,0.4
2633,0.5
2634,0.3
2635,0
2636,1
2637,0
2638,0.9
2639,0.1
2640,0.9
2641,0.2
2642,0
2643,0.6
2644,0
2645,0
2646,0.2
2647,0.2
2648,0
2649,0.2
2650,0.8
2651,0.8
2652,0.1
2653,0.6
2654,0
2655,0.9
2656,0.9
2657,0
2658,0
2659,0
2660,1
2661,0.3
2662,0
2663,0.7
2664,0.8
2665,0
2666,0.7
2667,0
2668,0.4
2669,0.5
2670,0
2671,0.5
2672,0.1
2673,0.9
2674,0.1
2675,0.2
2676,1
2677,0.9
2678,0
2679,0
2680,1
2681,0.9
2682,0
2683,0
2684,0.8
2685,1
2686,0.5
2687,0
2688,0.5
2689,0.6
2690,0.9
2691,1
2692,0.5
2693,0
2694,0.1
2695,0.8
2696,0.2
2697,0
2698,0.1
2699,0.9
2700,0
2701,0
2702,0
2703,0.3
2704,0.8
2705,0
2706,0
2707,1
2708,0.7
2709,0
2710,0.8
2711,0.3
2712,0.2
2713,1
2714,0.9
2715,1
2716,0
2717,0.1
2718,0.9
2719,0.1
2720,1
2721,0.9
2722,0.1
2723,1
2724,0.1
2725,0.2
2726,0.9
2727,0.2
2728,0.8
2729,1
2730,0.1
2731,0.8
2732,0.7
2733,0
2734,1
2735,0.8
2736,0.1
2737,0
2738,0.9
2739,0.4
2740,0.1
2741,0.1
2742,0
2743,0.1
2744,0.9
2745,1
2746,0.2
2747,1
2748,0
2749,0.2
2750,0.2
2751,0.4
2752,0.1
2753,1
2754,0.6
2755,0.1
2756,0.5
2757,0.4
2758,0
2759,1
2760,0.7
2761,0
2762,0.4
2763,1
2764,0.9
2765,0.1
2766,0.8
2767,1
2768,0
2769,0.8
2770,0
2771,0.2
2772,0.9
2773,0.8
2774,0
2775,0.9
2776,1
2777,0.9
2778,0.9
2779,0
2780,1
2781,0.1
2782,0.9
2783,0.1
2784,0.9
2785,0.2
2786,0
2787,0
2788,0
2789,0.1
2790,0.1
2791,0
2792,0.9
2793,0
2794,0.1
2795,1
2796,0
2797,0
2798,0.8
2799,0.2
2800,0.7
2801,0.6
2802,0.8
2803,1
2804,0
2805,0
2806,0.1
2807,1
2808,0
2809,1
2810,1
2811,0.5
2812,0.9
2813,1
2814,0.9
2815,0.5
2816,0
2817,0.9
2818,0
2819,0.7
2820,0
2821,1
2822,1
2823,0
2824,0.6
2825,0.6
2826,0.8
2827,0
2828,0.9
2829,0
2830,0.6
2831,0.2
2832,1
2833,0.2
2834,0.7
2835,0.3
2836,0.9
2837,0.1
2838,0
2839,1
2840,0.1
2841,0.9
2842,0.9
2843,0
2844,0.9
2845,0.1
2846,0.4
2847,0.1
2848,0.1
2849,0.8
2850,0.9
2851,0.6
2852,1
2853,0.5
2854,1
2855,0
2856,0.1
2857,0.9
2858,0
2859,0.4
2860,0
2861,0.9
2862,0.6
2863,0
2864,0.8
2865,0
2866,0.9
2867,0.1
2868,0
2869,0
2870,0
2871,0
2872,1
2873,0
2874,0
2875,0.7
2876,0.8
2877,0.9
2878,0.5
2879,0.9
2880,0
2881,0.7
2882,1
2883,0.2
2884,0
2885,1
2886,0.1
2887,0.7
2888,1
2889,0.8
2890,1
2891,0
2892,0.4
2893,0.7
2894,0.1
2895,0.2
2896,0.8
2897,0.2
2898,0.4
2899,0
2900,0.9
2901,0.9
2902,0.1
2903,0
2904,0
2905,0.7
2906,0.8
2907,0.8
2908,0
2909,0
2910,0.8
2911,0.5
2912,0.2
2913,1
2914,1
2915,0.3
2916,1
2917,0
2918,0.5
2919,0.9
2920,0.1
2921,0
2922,0
2923,0.6
2924,0.2
2925,0
2926,0.9
2927,0
2928,0
2929,1
2930,1
2931,0.5
2932,0.9
2933,0
2934,1
2935,0.2
2936,0
2937,0.1
2938,0
2939,0.7
2940,0
2941,0.2
2942,0.1
2943,0
2944,0.3
2945,1
2946,0.1
2947,1
2948,0.9
2949,1
2950,0
2951,0.1
2952,0.2
2953,0
2954,0.2
2955,0.3
2956,0.2
2957,1
2958,0.5
2959,1
2960,1
2961,0
2962,0.9
2963,0.8
2964,0
2965,0.8
2966,0.3
2967,0.2
2968,0.9
2969,0.3
2970,0
2971,0.1
2972,0.9
2973,0
2974,0.4
2975,0
2976,0
2977,0.2
2978,0.1
2979,0
2980,0.8
2981,0.1
2982,0
2983,0.6
2984,0.1
2985,0.2
2986,0.8
2987,0.1
2988,0
2989,0.1
2990,0.9
2991,0.1
2992,0.2
2993,0
2994,1
2995,0.1
2996,0.3
2997,0.1
2998,0
2999,0.2
3000,0.2
3001,0.2
3002,0.1
3003,1
3004,0
3005,0.5
3006,0.5
3007,0.2
3008,0.1
3009,0
3010,0
3011,0
3012,0.8
3013,0.2
3014,0.4
3015,0.1
3016,0.1
3017,0.8
3018,0.9
3019,0.3
3020,0.1
3021,1
3022,0.2
3023,0
3024,0
3025,0.1
3026,0.1
3027,0
3028,0.1
3029,0
3030,0
3031,0.9
3032,0.1
3033,0.2
3034,0.7
3035,0.9
3036,0.9
3037,1
3038,0.9
3039,0.2
3040,0
3041,0.8
3042,0.8
3043,0.1
3044,0.2
3045,0.1
3046,1
3047,0.4
3048,0
3049,0.8
3050,0.9
3051,1
3052,0
3053,0
3054,0.3
3055,0.7
3056,0
3057,0.1
3058,0.1
3059,0.8
3060,1
3061,0.8
3062,0
3063,0.6
3064,0.8
3065,1
3066,0.3
3067,0.6
3068,0.9
3069,0
3070,0.6
3071,0.9
3072,0.1
3073,0.9
3074,0
3075,0.2
3076,0
3077,0.1
3078,1
3079,0
3080,0.9
3081,0.5
3082,1
3083,0.5
3084,0.9
3085,0.9
3086,1
3087,1
3088,0.4
3089,0
3090,0
3091,1
3092,0.9
3093,0.9
3094,0
3095,0
3096,0
3097,0.2
3098,0.1
3099,0.8
3100,0
3101,1
3102,0.9
3103,0.3
3104,0.1
3105,0.9
3106,0.8
3107,0.6
3108,0.6
3109,0.7
3110,1
3111,1
3112,0.3
3113,0.8
3114,0.8
3115,0.3
3116,0.9
3117,0
3118,0.4
3119,0.7
3120,0.1
3121,0
3122,0.1
3123,0.8
3124,1
3125,1
3126,0.2
3127,0
3128,0.6
3129,0.2
3130,0.6
3131,0.6
3132,0.1
3133,0
3134,0
3135,0.3
3136,0.6
3137,0.1
3138,0.1
3139,0.2
3140,0.5
3141,0.1
3142,0.2
3143,0.8
3144,0.9
3145,0
3146,0
3147,0
3148,0.1
3149,0.7
3150,0.3
3151,0.4
3152,0
3153,0
3154,0.7
3155,0
3156,0.2
3157,0
3158,0
3159,0.4
3160,0.1
3161,0.6
3162,0
3163,0
3164,0.1
3165,0.8
3166,0.1
3167,0.2
3168,0.1
3169,0
3170,0
3171,0.2
3172,0.9
3173,0.1
3174,0
3175,0.2
3176,0.9
3177,0.1
3178,0.6
3179,0.2
3180,0.9
3181,0
3182,0.1
3183,0.1
3184,0
3185,0.1
3186,0.1
3187,0.6
3188,0.1
3189,0
3190,0.6
3191,0.1
3192,0.8
3193,0.2
3194,0.6
3195,0.9
3196,0.3
3197,0.2
3198,0
3199,0
3200,0.1
3201,0
3202,0.8
3203,0.9
3204,0.4
3205,0.5
3206,0.7
3207,0.6
3208,0
3209,0.7
3210,1
3211,0.4
3212,0
3213,0.6
3214,0.6
3215,0.4
3216,0.1
3217,0.3
3218,0.9
3219,1
3220,0.9
3221,0
3222,0
3223,0.1
3224,1
3225,0.6
3226,1
3227,0
3228,0.9
3229,0.2
3230,0.2
3231,0.8
3232,1
3233,0.2
3234,0.1
3235,0.1
3236,0.5
3237,0.2
3238,0.3
3239,0.7
3240,0.9
3241,0
3242,0.8
3243,0.7
3244,0
3245,0.6
3246,0
3247,0
3248,1
3249,0.8
3250,0
3251,1
3252,0.2
3253,0.1
3254,1
3255,1
3256,0.1
3257,0
3258,0.1
3259,1
3260,0.8
3261,0.1
3262,0.1
3263,0.9
3264,0.8
3265,0.2
3266,0.8
3267,0.1
3268,0.8
3269,0.7
3270,0.5
3271,0.1
3272,0
3273,0.2
3274,0.5
3275,0.2
3276,0.9
3277,0.2
3278,0.1
3279,0.2
3280,0.1
3281,0.9
3282,0.9
3283,0.6
3284,0.1
3285,0.9
3286,1
3287,0.7
3288,0
3289,0.1
3290,1
3291,1
3292,0.1
3293,0.1
3294,0.5
3295,0.3
3296,0.8
3297,0.2
3298,0.8
3299,0.1
3300,0.6
3301,1
3302,1
3303,0.6
3304,0
3305,1
3306,0.9
3307,1
3308,1
3309,0.8
3310,0.2
3311,0.1
3312,0.2
3313,0.2
3314,0.3
3315,1
3316,0.6
3317,0
3318,0
3319,0.1
3320,0
3321,0.6
3322,0.2
3323,0
3324,0.2
3325,0
3326,1
3327,1
3328,0.1
3329,0.2
3330,0.1
3331,1
3332,0
3333,0
3334,1
3335,0.4
3336,0.9
3337,0.9
3338,0.7
3339,0.2
3340,0.9
3341,1
3342,0.2
3343,0.8
3344,0.1
3345,0.5
3346,0.7
3347,0.8
3348,0.9
3349,0.9
3350,1
3351,0.4
3352,0
3353,0.1
3354,0.7
3355,0.3
3356,0.1
3357,0
3358,0
3359,0
3360,0.9
3361,0
3362,0.3
3363,0.2
3364,0.1
3365,0.9
3366,0.3
3367,0.8
3368,1
3369,0.8
3370,0.5
3371,0.6
3372,0
3373,0.6
3374,0.7
3375,0.8
3376,0.2
3377,0.2
3378,0.2
3379,0.5
3380,0
3381,0.9
3382,0.4
3383,0.6
3384,0.8
3385,1
3386,0.1
3387,0.2
3388,0.9
3389,0.8
3390,0.1
3391,0.7
3392,0.6
3393,0.8
3394,0.9
3395,1
3396,0
3397,1
3398,0.2
3399,0.9
3400,0.8
3401,0.9
3402,0.9
3403,0.8
3404,0.2
3405,1
3406,0
3407,0.3
3408,0.8
3409,0.1
3410,0
3411,0.9
3412,0.9
3413,0.8
3414,0
3415,1
3416,0.8
3417,0.6
3418,0.7
3419,0
3420,0.7
3421,0.2
3422,0.1
3423,0.9
3424,0
3425,0.2
3426,0.5
3427,0
3428,0
3429,0.1
3430,0.1
3431,0.7
3432,0.4
3433,0.2
3434,0
3435,1
3436,0
3437,0
3438,0
3439,0
3440,0.8
3441,0
3442,0.2
3443,0.1
3444,0.2
3445,0
3446,0.5
3447,0
3448,0
3449,0.2
3450,0.9
3451,1
3452,0.3
3453,1
3454,0.1
3455,0.9
3456,0.3
3457,1
3458,0.9
3459,0.7
3460,0
3461,0.7
3462,0.2
3463,0.5
3464,0.3
3465,0.3
3466,1
3467,0.1
3468,0.9
3469,0.6
3470,0
3471,0.1
3472,0.2
3473,0.3
3474,0.3
3475,0.1
3476,0.9
3477,0.7
3478,0
3479,1
3480,0.8
3481,0.1
3482,0.9
3483,0.1
3484,0.1
3485,0.1
3486,0.3
3487,0.2
3488,0.8
3489,0.8
3490,0
3491,0
3492,0.2
3493,0.9
3494,0.1
3495,1
3496,0.8
3497,0.6
3498,0.2
3499,0.1
3500,0
3501,0.9
3502,0
3503,0.8
3504,0.3
3505,0.4
3506,1
3507,0.2
3508,0
3509,1
3510,0.7
3511,0.1
3512,0.1
3513,0.2
3514,0.1
3515,0.1
3516,0.9
3517,0.9
3518,0.7
3519,0.2
3520,0.2
3521,0.7
3522,0
3523,0.4
3524,0.3
3525,0.8
3526,0.6
3527,0.1
3528,0.8
3529,0.3
3530,0
3531,0.1
3532,0
3533,0
3534,0
3535,0.8
3536,0.1
3537,0
3538,0.1
3539,1
3540,0.2
3541,0.1
3542,0
3543,0.2
3544,0
3545,0
3546,0.1
3547,0.1
3548,0
3549,0.8
3550,0.8
3551,0.3
3552,0.8
3553,0
3554,0
3555,0.5
3556,0.9
3557,0.3
3558,1
3559,0.5
3560,0.9
3561,1
3562,0.2
3563,0.6
3564,0.7
3565,0.7
3566,1
3567,0.9
3568,0.1
3569,0.9
3570,0.7
3571,0.1
3572,1
3573,0.9
3574,0.8
3575,0.7
3576,0.1
3577,0
3578,1
3579,0.5
3580,1
3581,1
3582,1
3583,0.7
3584,0.3
3585,0
3586,0.9
3587,0.9
3588,1
3589,0.3
3590,0.8
3591,0.3
3592,0.1
3593,0.1
3594,0.8
3595,0.6
3596,1
3597,0.7
3598,0
3599,0.1
3600,0.1
3601,1
3602,0
3603,0.9
3604,0.2
3605,0.2
3606,0.1
3607,0.5
3608,0
3609,0
3610,0
3611,0.6
3612,0.8
3613,1
3614,0.9
3615,0
3616,0
3617,0.9
3618,0.3
3619,0.5
3620,0.3
3621,0
3622,0.9
3623,0.1
3624,0
3625,0.2
3626,0
3627,0
3628,1
3629,0.2
3630,0.8
3631,0.6
3632,0.9
3633,0.3
3634,0.3
3635,1
3636,0.1
3637,0.9
3638,0.2
3639,0
3640,0.9
3641,0.8
3642,1
3643,0
3644,0.7
3645,0.3
3646,0
3647,0
3648,0.3
3649,0.1
3650,1
3651,0.2
3652,0.8
3653,0.6
3654,0
3655,0.3
3656,1
3657,0.6
3658,0.1
3659,0.4
3660,0
3661,0.3
3662,1
3663,0
3664,0.6
3665,0.2
3666,1
3667,0.1
3668,0
3669,0.1
3670,0.7
3671,0.8
3672,0.3
3673,1
3674,0
3675,0.2
3676,0.1
3677,0.8
3678,0.5
3679,0
3680,0.6
3681,0.1
3682,0.7
3683,0.3
3684,0.1
3685,0
3686,0
3687,0.2
3688,0.1
3689,0.1
3690,0.8
3691,0.2
3692,0.6
3693,0
3694,0.1
3695,0.1
3696,0.2
3697,0.9
3698,0
3699,0
3700,0.3
3701,0.1
3702,0.2
3703,1
3704,0
3705,0.3
3706,0.1
3707,0.2
3708,0
3709,0.2
3710,0.2
3711,0.9
3712,0.6
3713,0
3714,0.1
3715,0.1
3716,0.3
3717,1
3718,0.1
3719,0
3720,0.6
3721,0.1
3722,0.1
3723,0.3
3724,0.9
3725,0
3726,0.8
3727,0
3728,0.9
3729,1
3730,0.1
3731,0
3732,0
3733,0.1
3734,1
3735,0.1
3736,0.4
3737,1
3738,0.1
3739,0.6
3740,0.1
3741,0.2
3742,0.1
3743,0
3744,1
3745,0.8
3746,0.1
3747,0
3748,0.1
3749,0.1
3750,0
3751,0.1
3752,0.9
3753,0.2
3754,0
3755,1
3756,1
3757,0.1
3758,0.1
3759,0.6
3760,0.1
3761,0.9
3762,0.4
3763,1
3764,0.1
3765,1
3766,0.9
3767,0
3768,0.9
3769,0.2
3770,0.3
3771,0.2
3772,0
3773,0.1
3774,0.2
3775,0.9
3776,0.9
3777,0.2
3778,0.7
3779,0.9
3780,0.6
3781,0.1
3782,0
3783,0
3784,0
3785,0.2
3786,0.7
3787,0
3788,0.9
3789,0
3790,0
3791,0.8
3792,0.4
3793,0.4
3794,0
3795,0
3796,0
3797,0.9
3798,0.3
3799,0.3
3800,0.4
3801,0.6
3802,0.9
3803,0.9
3804,0.8
3805,1
3806,0
3807,0.1
3808,0
3809,0.3
3810,0
3811,0.1
3812,0
3813,0.5
3814,0
3815,0
3816,0.4
3817,0.6
3818,0
3819,0
3820,0.5
3821,1
3822,0.2
3823,0.9
3824,0.8
3825,0
3826,1
3827,0.6
3828,0.2
3829,0
3830,0
3831,0.9
3832,0
3833,0
3834,1
3835,0
3836,0
3837,0.3
3838,0.7
3839,0.2
3840,0.2
3841,0.1
3842,0.1
3843,0
3844,1
3845,0.4
3846,0.3
3847,0
3848,0.2
3849,1
3850,0.3
3851,1
3852,0.5
3853,0
3854,0.1
3855,0.1
3856,0
3857,0.1
3858,0.1
3859,0.7
3860,0.8
3861,1
3862,0.8
3863,0
3864,0.8
3865,1
3866,0
3867,0.9
3868,0.1
3869,0.9
3870,0
3871,0.3
