1,0.5
2,0.38
3,0.97
4,0.03
5,0.16
6,0.96
7,0.03
8,0.01
9,0.89
10,0.01
11,0.77
12,0.79
13,0.15
14,0.79
15,0.91
16,0.77
17,0.54
18,0.97
19,0.89
20,0.48
21,0.5
22,0.23
23,0.78
24,0.07
25,0.18
26,0.98
27,0.03
28,0.37
29,0.13
30,0.98
31,0.87
32,0.12
33,0.09
34,0.99
35,0.35
36,0.23
37,0.15
38,0.07
39,0.5
40,0.01
41,0.8
42,0.48
43,0.94
44,0.92
45,0.94
46,0.79
47,0.94
48,0.89
49,0.96
50,0.1
51,1
52,0.33
53,0.9
54,0.98
55,0.96
56,0.96
57,0.05
58,0.7
59,0.81
60,0.9
61,0.66
62,0.14
63,0.29
64,0.61
65,0.08
66,0.26
67,0.88
68,0.14
69,0.79
70,0.95
71,0.15
72,0.13
73,0
74,0.9
75,0.07
76,0.05
77,0.23
78,0.92
79,0.43
80,0.96
81,0.88
82,0.21
83,0.93
84,0.75
85,0.97
86,0.82
87,0.96
88,0.04
89,0.91
90,0.02
91,0.77
92,0.43
93,0.16
94,0.62
95,0.93
96,0.92
97,0.36
98,0.83
99,0.62
100,0.29
101,0.94
102,0.93
103,0.9
104,0.9
105,0.23
106,0.92
107,0.88
108,0.9
109,0.95
110,0.72
111,0.06
112,0.83
113,0.98
114,0.72
115,0.88
116,0.15
117,0.9
118,0.63
119,0.03
120,0.93
121,0.06
122,0.77
123,0.16
124,0.91
125,0.81
126,0.73
127,0.62
128,0.01
129,0.96
130,0.72
131,0.01
132,0.25
133,0.96
134,0.09
135,0.03
136,0.37
137,0.85
138,0.93
139,0.29
140,0.03
141,0.95
142,0.9
143,0.35
144,0.13
145,0.84
146,0.74
147,0.86
148,0.95
149,0.87
150,0.72
151,0.91
152,0.03
153,0.63
154,0.66
155,0.17
156,0.91
157,0.97
158,0.87
159,0.84
160,0.96
161,0.07
162,0.89
163,0.96
164,0.1
165,0.97
166,0
167,0.99
168,0.61
169,0.229166667
170,0.58
171,0.01
172,0.09
173,0.41
174,0.95
175,0.89
176,0.9
177,0.93
178,0.86
179,0.09
180,0.08
181,0.36
182,0.08
183,0.84
184,0.81
185,0.8
186,0.78
187,0.95
188,0.98
189,0.98
190,0.98
191,0.57
192,0.91
193,0.1
194,0.05
195,0.98
196,0.56
197,0.42
198,0.96
199,0.33
200,0.82
201,0.78
202,0.06
203,0.03
204,0.09
205,0.02
206,0.93
207,0.79
208,1
209,0.22
210,0.91
211,0.03
212,0.02
213,0.85
214,0.87
215,0.82
216,0.33
217,0.001765088
218,0.29
219,0.21
220,0.09
221,0.88
222,0.94
223,0.66
224,0.64
225,0.04
226,0.7
227,0.92
228,0.14
229,0.01
230,0.13
231,0.86
232,0.02
233,0.92
234,0.03
235,0.94
236,0.31
237,0.09
238,0.95
239,0.66
240,0.01
241,0.03
242,0.95
243,0.92
244,0.96
245,0.91
246,0.79
247,0.72
248,1
249,0.76
250,1
251,0.83
252,0.1
253,0.02
254,0.11
255,0.86
256,0.08
257,0.99
258,0.31
259,0.67
260,0.87
261,0.05
262,0.68
263,0.9
264,0.75
265,0.48
266,0.97
267,0.95
268,0.07
269,0.97
270,0.11
271,0.65
272,0.01
273,0.89
274,0.9
275,0.01
276,0.93
277,0.22
278,0.99
279,0.9
280,0.08
281,0.95
282,0.42
283,0.04
284,0.48
285,1
286,0.94
287,0.37
288,0.02
289,0.02
290,0
291,0
292,0.97
293,0
294,0.03
295,0.09
296,0.87
297,0.92
298,0.56
299,1
300,0.63
301,0.12
302,0.96
303,0.94
304,0.36
305,0.35
306,0.03
307,0.96
308,0.99
309,0.38
310,0.26
311,1
312,0.88
313,0.904
314,0.18
315,0.08
316,0.78
317,0.91
318,0.96
319,0.85
320,0.06
321,0.84
322,0.85
323,0.35
324,0.67
325,0.84
326,0.89
327,0
328,0.88
329,0.68
330,0.92
331,0.88
332,0.94
333,0.02
334,0
335,0.01
336,0.97
337,0.89
338,0.91
339,0.84
340,0.72
341,0.99
342,0.32
343,0.06
344,0.28
345,0.92
346,0.94
347,0.89
348,0.26
349,0.15
350,0.73
351,0.06
352,0.87
353,0.81
354,0.97
355,0.57
356,0.03
357,0.34
358,0.88
359,0.98
360,0.96
361,0.43
362,0.94
363,0.15
364,0.49
365,0.01
366,0.98
367,0.98
368,0.02
369,0.23
370,0.29
371,0.94
372,0.33
373,0.04
374,0.94
375,0.27
376,0.49
377,1
378,0.31
379,0.04
380,0.18
381,0.95
382,0.23
383,0.09
384,0.14
385,0.9
386,0.19
387,0.97
388,0.92
389,0.94
390,0.78
391,0.92
392,0.93
393,0.87
394,0.01
395,0.03
396,0.99
397,0.98
398,0.38
399,0.96
400,1
401,0.9
402,0.85
403,0.87
404,0.55
405,0.64
406,0.99
407,0.97
408,0.28
409,0.98
410,0.98
411,0.29
412,0.95
413,0
414,0.04
415,0.4
416,0.96
417,0.51
418,0.01
419,0.98
420,0.7
421,0.01
422,0.02
423,0.82
424,0.37
425,0.17
426,0.16
427,0.01
428,0.98
429,0.05
430,0.91
431,0.75
432,0.9
433,0.9
434,0.94
435,0.24
436,0.81
437,0.845
438,0.3
439,1
440,0.18
441,0.07
442,0.96
443,0.97
444,0.98
445,0.9
446,0.19
447,0.92
448,0.96
449,0.66
450,0.89
451,0.18
452,0.47
453,0.84
454,0.27
455,0.96
456,0.88
457,0.98
458,0.93
459,0.94
460,0.42
461,0.3
462,0
463,0.04
464,0.77
465,0.92
466,0.98
467,0.61
468,0.14
469,0.86
470,0.95
471,0.71
472,0.56
473,0.88
474,0.07
475,0.37
476,0.98
477,0.07
478,0.07
479,0.03
480,0.21
481,0.03
482,0.86
483,0
484,0.96
485,0.14
486,0.69
487,0.47
488,0.05
489,0.76
490,0.9
491,0.27
492,0.33
493,1
494,0.97
495,0.93
496,0.2
497,0.9
498,0.05
499,0.7
500,0.94
501,0.84
502,0.1
503,0.38
504,0
505,0.97
506,0.17
507,0.18
508,0.59
509,0.96
510,0.18
511,0.84
512,0.11
513,0.81
514,0.06
515,0.04
516,0.92
517,1
518,0.31
519,0.92
520,0.07
521,0.61
522,0.1
523,1
524,0.99
525,0.86
526,0.89
527,0.13
528,0.9
529,0.67
530,0.21
531,0.84
532,0.86
533,0.64
534,0.03
535,0.88
536,0.92
537,0.98
538,0.11
539,0.89
540,0.9
541,0
542,0.82
543,0.02
544,0.71
545,0.05
546,0.87
547,0.98
548,0.13
549,0.99
550,0.21
551,0.94
552,0.02
553,0.01
554,0.68
555,0.66
556,0.96
557,0.55
558,0.1
559,0.94
560,0.96
561,0.98
562,0.82
563,0.85
564,0.46
565,0.64
566,0.89
567,0.81
568,0.94
569,0.95
570,0.19
571,0.83
572,0.55
573,0.03
574,0.03
575,0.12
576,0.72
577,0.92
578,0.95
579,0.76
580,0.69
581,0.09
582,0.52
583,0.95
584,0.46
585,0.14
586,0.02
587,0.17
588,0.86
589,0.83
590,0.87
591,0.11
592,0.556666667
593,0.56
594,0.86
595,0.05
596,0.363333333
597,0.95
598,0.96
599,0.88
600,0.77
601,0.99
602,0.99
603,0.97
604,0.16
605,0.99
606,0.67
607,0.79
608,0.07
609,0.82
610,0.9
611,0.98
612,0.03
613,0.77
614,0.93
615,0.08
616,0.14
617,0.11
618,0.03
619,0.06
620,0.83
621,0.14
622,0.88
623,0.34
624,0.17
625,0.09
626,0.14
627,1
628,0.92
629,0.88
630,0.01
631,0.98
632,0.79
633,0.9
634,0.12
635,0.77
636,0.99
637,0.81
638,0.14
639,0.04
640,0.95
641,0.95
642,0.73
643,0
644,0.36
645,0.79
646,0.85
647,0.15
648,0.12
649,0.14
650,0.36
651,0.86
652,0.42
653,0.91
654,0.01
655,0.75
656,0.08
657,0.71
658,0.94
659,0.39
660,0.48
661,0.76
662,0.99
663,0.93
664,0.15
665,0.86
666,0.82
667,0.5
668,0.06
669,0.46
670,0.19
671,0.94
672,0.38
673,0.85
674,0.86
675,0.84
676,0.96
677,0.78
678,0.68
679,0.62
680,0.9
681,0.1
682,0.29
683,0.96
684,0.82
685,0.93
686,0.47
687,0.58
688,0.94
689,0.97
690,0.96
691,0.69
692,0.82
693,0.97
694,0.04
695,1
696,0.88
697,0.67
698,0.91
699,0.94
700,0.98
701,0.04
702,0.92
703,0.79
704,0.77
705,0.94
706,0.01
707,0.07
708,0.64
709,0.8
710,0.46
711,0.05
712,0.02
713,0.37
714,0.02
715,0.95
716,0.68
717,0.85
718,0.34
719,0.89
720,0.66
721,0.56
722,0.87
723,0.09
724,0.15
725,0.78
726,0.88
727,0.9
728,0.66
729,0.333333333
730,0.91
731,0.96
732,0.7
733,0.75
734,0.08
735,0.31
736,0.53
737,0.95
738,0.28
739,0.04
740,0.97
741,0.81
742,0.95
743,0.18
744,0.03
745,0.01
746,0.81
747,0.95
748,0.22
749,0.36
750,0.92
751,0.04
752,0.09
753,0.38
754,0.97
755,0.73
756,0.82
757,0.93
758,0.92
759,0.99
760,0.75
761,1
762,0.94
763,0.07
764,0.89
765,0
766,0.95
767,0.91
768,0.41
769,0.91
770,0.77
771,0.06
772,0.78
773,0.05
774,0.78
775,0.04
776,0.61
777,0.69
778,0.23
779,0.17
780,0.85
781,0.09
782,0.09
783,0.74
784,0.97
785,0.89
786,0.62
787,0.08
788,0.23
789,0.05
790,0.08
791,0.5
792,0.01
793,0.95
794,0.77
795,0.05
796,0.08
797,0.95
798,0.72
799,0.92
800,0.97
801,0.23
802,0.81
803,0.66
804,0.79
805,0.66
806,0.98
807,0.67
808,0.95
809,0.88
810,0.72
811,0.87
812,0.82
813,0.73
814,0.91
815,0.94
816,0.88
817,0.69
818,0.84
819,0.52
820,0.94
821,0.79
822,0.07
823,0.89
824,0.02
825,0.83
826,0.96
827,0.09
828,1
829,0.93
830,0.8
831,0.85
832,0.92
833,0.81
834,0.46
835,0.85
836,0.95
837,0.99
838,0
839,0.93
840,0.3
841,0.94
842,0.96
843,0.91
844,0.1
845,0.55
846,0.04
847,0.17
848,0.05
849,0.89
850,0.38
851,0.96
852,0.03
853,0.17
854,0.13
855,0.93
856,0.87
857,0.88
858,0.19
859,0.02
860,0.09
861,0.73
862,0.82
863,0.91
864,1
865,0.73
866,0.93
867,0.565
868,0.04
869,0.05
870,0.03
871,0
872,0.86
873,0.97
874,0.54
875,0.28
876,0.33
877,0.85
878,1
879,0.93
880,0.85
881,0.07
882,0.87
883,0.81
884,0.86
885,0.06
886,0.98
887,0.07
888,0.78
889,0.34
890,0.14
891,0.44
892,0.27
893,0.3
894,0.07
895,0.37
896,0.97
897,0.82
898,0.95
899,0.84
900,0.84
901,0.95
902,0.74
903,0.81
904,0.21
905,0.82
906,1
907,0.19
908,0.9
909,0.03
910,0.68
911,0.99
912,0.05
913,0.08
914,0.18
915,0.4
916,0.95
917,0.05
918,0.65
919,0.07
920,0.05
921,0.07
922,0.96
923,0.58
924,0.84
925,0
926,0.04
927,0.88
928,0.74
929,0.96
930,0.86
931,0.9
932,0.18
933,0.97
934,0.48
935,0.94
936,0.65
937,0.32
938,0.94
939,0.95
940,0.86
941,0.49
942,0.73
943,0.17
944,0.97
945,0.04
946,0.6
947,0.77
948,1
949,0.89
950,0.21
951,0.17
952,0.95
953,0.09
954,0.56
955,0.79
956,0.98
957,0.18
958,0.37
959,0.98
960,0.92
961,0.93
962,0.85
963,0.87
964,0.11
965,0.04
966,0.25
967,0.08
968,0.11
969,0.7
970,0.85
971,0.02
972,0.02
973,0.4
974,0.96
975,0.02
976,0.09
977,0.18
978,0.93
979,0.08
980,0.04
981,0.67
982,0.05
983,0.04
984,0.03
985,0.75
986,0.06
987,0.94
988,0.83
989,0.72
990,0.84
991,0.72
992,0.75
993,0.87
994,0.96
995,0
996,0.92
997,0.03
998,0.72
999,0.97
1000,0.97
1001,0.23
1002,0.36
1003,0.14
1004,0.01
1005,0.01
1006,0.37
1007,0.22
1008,0.35
1009,0.91
1010,0.76
1011,0.91
1012,0.32
1013,0.66
1014,0.1
1015,0.96
1016,0.11
1017,0
1018,0.06
1019,0.16
1020,0.6
1021,0.92
1022,0.97
1023,0.93
1024,0.95
1025,0.94
1026,1
1027,0.03
1028,0.04
1029,0.84
1030,0.63
1031,0.09
1032,0.11
1033,0.92
1034,0.71
1035,0.49
1036,0.01
1037,0.86
1038,0.58
1039,0.96
1040,0.92
1041,0.02
1042,0.67
1043,0.24
1044,0.92
1045,0.99
1046,0.46
1047,0.86
1048,0.73
1049,0.06
1050,0.62
1051,0.03
1052,0.87
1053,0.93
1054,0.08
1055,0.19
1056,0.92
1057,0.83
1058,0.04
1059,0.08
1060,0.23
1061,0.04
1062,0.84
1063,0.93
1064,0.97
1065,0.34
1066,0.37
1067,0.17
1068,0.415
1069,0.86
1070,0.01
1071,0.66
1072,0.03
1073,0.94
1074,0.75
1075,0.73
1076,0.88
1077,0.02
1078,1
1079,0.63
1080,0.44
1081,0.02
1082,0.71
1083,0.87
1084,0.6
1085,0.04
1086,0.08
1087,0.01
1088,0.02
1089,0.39
1090,0.25
1091,0.93
1092,0.45
1093,0.58
1094,0.8
1095,0.11
1096,0.9
1097,0.98
1098,0.8
1099,0.05
1100,0.14
1101,0.29
1102,0.07
1103,0.12
1104,0.63
1105,0.86
1106,0.82
1107,0.97
1108,0.1
1109,0.67
1110,0.77
1111,0.81
1112,0.89
1113,0.31
1114,0.12
1115,0.95
1116,0.95
1117,0.26
1118,0.18
1119,0.91
1120,0.24
1121,0.08
1122,0.01
1123,0.1
1124,0.08
1125,0.56
1126,0.95
1127,0.47
1128,0.82
1129,0.97
1130,1
1131,0.77
1132,0.97
1133,0.46
1134,0.92
1135,0.1
1136,0.56
1137,0.135
1138,0.86
1139,0.02
1140,0.65
1141,0.87
1142,0.72
1143,0.96
1144,0.04
1145,0.87
1146,0.27
1147,0.38
1148,0.86
1149,0.59
1150,0.14
1151,0.42
1152,0.4
1153,0.76
1154,0.78
1155,0.98
1156,0.96
1157,0.95
1158,0.06
1159,0.35
1160,0.7
1161,0.24
1162,0.79
1163,0.17
1164,0.97
1165,0.94
1166,0.03
1167,0.86
1168,0.83
1169,0.04
1170,1
1171,0.74
1172,0.87
1173,0.92
1174,0.18
1175,0.17
1176,0.55
1177,0.01
1178,0.5
1179,0.89
1180,0.68
1181,0.57
1182,0.73
1183,0
1184,0
1185,0.81
1186,0.06
1187,0.11
1188,0.9
1189,0.96
1190,0.99
1191,0.83
1192,0.82
1193,0.08
1194,0.71
1195,0.71
1196,0.66
1197,0.37
1198,0.16
1199,0.19
1200,0.91
1201,0.26
1202,0.01
1203,0.49
1204,0.22
1205,0.82
1206,0.96
1207,0.72
1208,0.99
1209,0.13
1210,0.05
1211,0.66
1212,0.93
1213,0.11
1214,0.18
1215,0.95
1216,0.78
1217,0.07
1218,0.91
1219,0.92
1220,0.63
1221,0.04
1222,0.17
1223,0.05
1224,0.83
1225,0.11
1226,0.92
1227,0.96
1228,0.99
1229,0.95
1230,0.54
1231,0.07
1232,0.71
1233,0.03
1234,0.11
1235,0.98
1236,0.97
1237,0.85
1238,0.33
1239,0.79
1240,0.79
1241,0.11
1242,0.26
1243,0.69
1244,0.82
1245,0.65
1246,0.99
1247,0.45
1248,0.36
1249,0.13
1250,0.77
1251,0.24
1252,0.75
1253,0.05
1254,0.46
1255,0.17
1256,0.01
1257,0.5425
1258,0.05
1259,0.81
1260,0.63
1261,0.06
1262,0.56
1263,0.99
1264,0.61
1265,0.31
1266,0.75
1267,0.96
1268,0.84
1269,0.45
1270,0.66
1271,0.04
1272,0.16
1273,0.92
1274,0.95
1275,0.98
1276,0.88
1277,0.7
1278,0.09
1279,0.96
1280,0.43
1281,0.68
1282,0.97
1283,0.81
1284,0.83
1285,0.05
1286,0.96
1287,0.99
1288,0.17
1289,0.94
1290,0.98
1291,0.21
1292,0.96
1293,0.92
1294,0.5
1295,0.97
1296,0.94
1297,0.06
1298,0.19
1299,0.97
1300,0.58
1301,0.99
1302,1
1303,1
1304,0.97
1305,0.3
1306,0.09
1307,0.94
1308,0.98
1309,0.73
1310,0.94
1311,0.92
1312,0.98
1313,0.05
1314,0.42
1315,0.07
1316,0.05
1317,0.06
1318,0.73
1319,0.218333333
1320,0.83
1321,0.05
1322,0.1
1323,0.19
1324,0.48
1325,0.16
1326,0.76
1327,0.84
1328,0.13
1329,0.62
1330,0.75
1331,0.93
1332,0.45
1333,0.95
1334,0.55
1335,0.32
1336,0.92
1337,0.86
1338,0.44
1339,0.62
1340,0.93
1341,0.52
1342,0.1
1343,0.54
1344,0.08
1345,0.48
1346,0
1347,0.26
1348,0.06
1349,0.89
1350,0
1351,0.87
1352,0.07
1353,0.23
1354,0
1355,0.14
1356,0.38
1357,0.24
1358,0.02
1359,0.21
1360,0.83
1361,0.03
1362,0.36
1363,0.07
1364,0.4
1365,0
1366,0.02
1367,0.96
1368,0.16
1369,0.9
1370,0.04
1371,0.14
1372,0.96
1373,0.87
1374,0.07
1375,0.07
1376,0.05
1377,0.02
1378,0.13
1379,0.83
1380,0.96
1381,0.91
1382,0.83
1383,0.86
1384,0.4
1385,0.86
1386,0.17
1387,0.16
1388,0.11
1389,0.04
1390,0.98
1391,0.31
1392,0.11
1393,0.99
1394,0.9
1395,0.99
1396,0.88
1397,1
1398,0.99
1399,0.83
1400,0.01
1401,0.73
1402,0.9
1403,0.09
1404,0.12
1405,0.05
1406,0.73
1407,0.83
1408,0.09
1409,0.04
1410,0.96
1411,0.93
1412,0.17
1413,0.92
1414,0.99
1415,0.99
1416,1
1417,1
1418,0.06
1419,0.93
1420,0.44
1421,0.15
1422,0.1
1423,0.08
1424,0.92
1425,0
1426,0.07
1427,0.11
1428,0.88
1429,0.09
1430,0.04
1431,0.87
1432,0.5
1433,0.11
1434,0.63
1435,0.68
1436,0.93
1437,0.93
1438,0.94
1439,0.97
1440,0.02
1441,0.43
1442,0.04
1443,0.06
1444,0.18
1445,0.38
1446,0.72
1447,0.94
1448,0.93
1449,0.3
1450,0.99
1451,0.34
1452,0.86
1453,0.84
1454,0.41
1455,0.01
1456,0.254
1457,0.956666667
1458,0.78
1459,0.96
1460,0.73
1461,0.18
1462,0.17
1463,0.73
1464,0.99
1465,0.15
1466,0.06
1467,0.98
1468,0.41
1469,0.96
1470,0.08
1471,0.06
1472,0.91
1473,0.91
1474,0.06
1475,0.9
1476,0.93
1477,0.09
1478,0.01
1479,0.11
1480,0.24
1481,0.84
1482,0.05
1483,0.12
1484,1
1485,0.34
1486,0.89
1487,0.43
1488,0.13
1489,0.96
1490,0.86
1491,0.09
1492,0.89
1493,0.07
1494,0.9
1495,0.9
1496,0.03
1497,0.99
1498,0.98
1499,0.98
1500,0.82
1501,0.05
1502,0.25
1503,0.13
1504,0.93
1505,0.18
1506,0.99
1507,0.03
1508,0.94
1509,0.71
1510,0.48
1511,0.23
1512,0.86
1513,0.93
1514,0.31
1515,0.15
1516,0.77
1517,0.88
1518,0.01
1519,0.01
1520,0.97
1521,0.84
1522,0.79
1523,0.09
1524,0.65
1525,0.93
1526,0.45
1527,0.37
1528,0.72
1529,0.78
1530,0.96
1531,0.9
1532,0.09
1533,0.01
1534,0.99
1535,0.06
1536,0.87
1537,0.86
1538,0.02
1539,0.05
1540,0.84
1541,0.32
1542,0.06
1543,0.18
1544,0.96
1545,0.98
1546,0.87
1547,0.9
1548,0.52
1549,0
1550,0.02
1551,0.12
1552,0.02
1553,0.25
1554,0.11
1555,0
1556,0.85
1557,0.06
1558,0.143333333
1559,0.89
1560,0.305
1561,0.74
1562,0.88
1563,0.76
1564,0.92
1565,0.93
1566,0.04
1567,0.21
1568,0.31
1569,0.45
1570,0.96
1571,0.14
1572,0.73
1573,0.59
1574,0.9
1575,0.95
1576,0.96
1577,0.5
1578,0
1579,0.36
1580,0.87
1581,0.03
1582,0.02
1583,0.72
1584,0.88
1585,0.75
1586,0.9
1587,0.93
1588,0.96
1589,0.93
1590,0.88
1591,0.27
1592,0.96
1593,0.58
1594,0.05
1595,0.09
1596,0.12
1597,0.92
1598,0.93
1599,0.07
1600,0.51
1601,0.17
1602,0.79
1603,0.8
1604,0.57
1605,0.02
1606,0.94
1607,0.9
1608,0.86
1609,0.73
1610,0.92
1611,0.74
1612,0.94
1613,0.09
1614,0.89
1615,0.92
1616,0.14
1617,0.25
1618,0.95
1619,0.81
1620,0.99
1621,0.89
1622,0.86
1623,0
1624,0.13
1625,0.02
1626,0.07
1627,0.01
1628,0.99
1629,0.85
1630,0.75
1631,0.64
1632,0.2
1633,0.47
1634,0.02
1635,0.12
1636,0.02
1637,0
1638,0.96
1639,0.78
1640,0.23
1641,0.05
1642,0.99
1643,0.99
1644,0.98
1645,0.05
1646,0.9
1647,0.66
1648,0.73
1649,0.96
1650,0.73
1651,0.81
1652,0.09
1653,0.78
1654,0.67
1655,0.86
1656,0.69
1657,0.75
1658,0.4
1659,0.94
1660,0.88
1661,0.35
1662,0.97
1663,0.92
1664,0
1665,0.12
1666,0.18
1667,0.266666667
1668,0.89
1669,0.77
1670,0.25
1671,0.95
1672,0.98
1673,0.2
1674,0.16
1675,0.41
1676,0.08
1677,0.87
1678,0.76
1679,0.04
1680,0.81
1681,0.76
1682,0.74
1683,0.96
1684,0.03
1685,0.18
1686,0.05
1687,0.05
1688,0.97
1689,0.94
1690,0.68
1691,0.01
1692,0.47
1693,0.87
1694,0.33
1695,0.4
1696,1
1697,0.89
1698,0.02
1699,0.88
1700,0
1701,0.04
1702,0.95
1703,0.39
1704,0.04
1705,0.25
1706,0.03
1707,0.93
1708,0.08
1709,0.42
1710,0.15
1711,0.06
1712,0.01
1713,0.85
1714,0.04
1715,0.07
1716,0.98
1717,0.06
1718,0.09
1719,0.13
1720,0.92
1721,0.13
1722,0.87
1723,0.87
1724,0.01
1725,0.8
1726,0.1
1727,0.83
1728,0.7
1729,0.84
1730,0.95
1731,0
1732,0.74
1733,0.03
1734,0.06
1735,0.88
1736,0.09
1737,0.91
1738,0.86
1739,0.84
1740,0
1741,0.22
1742,0.22
1743,0.03
1744,0.86
1745,0.23
1746,0.98
1747,0.95
1748,0.26
1749,0.11
1750,0.97
1751,0.02
1752,0.02
1753,0.86
1754,0.91
1755,0.78
1756,0.18
1757,0.77
1758,0.66
1759,0.81
1760,0.61
1761,0.28
1762,0.87
1763,0.91
1764,0.92
1765,0.09
1766,0.98
1767,0.46
1768,0.91
1769,0.33
1770,0.33
1771,0.93
1772,0.92
1773,0.87
1774,0.32
1775,0.05
1776,0.92
1777,0.28
1778,0.96
1779,0.06
1780,0.04
1781,0.89
1782,0.16
1783,0.24
1784,0.89
1785,0.15
1786,0.75
1787,0.54
1788,0.08
1789,0.86
1790,0.05
1791,0.33
1792,0.87
1793,0.17
1794,0.83
1795,0.49
1796,0.01
1797,0.17
1798,0.02
1799,0.01
1800,0.89
1801,0.01
1802,0.08
1803,0.72
1804,0.03
1805,0.92
1806,0.13
1807,0.68
1808,0.87
1809,0.05
1810,0.12
1811,0.11
1812,0.09
1813,0.99
1814,0.01
1815,0.87
1816,0.03
1817,0.9
1818,0.28
1819,0.55
1820,0.87
1821,0.78
1822,0.93
1823,0.96
1824,0.35
1825,0.99
1826,0.99
1827,0.95
1828,0.03
1829,0.12
1830,0.07
1831,0.82
1832,0.93
1833,0.09
1834,0.03
1835,0.86
1836,0.78
1837,0.04
1838,0.11
1839,0.92
1840,0.9
1841,0.91
1842,0.35
1843,0.82
1844,0.99
1845,0.86
1846,0.95
1847,0.99
1848,0.01
1849,0.71
1850,0.38
1851,0.92
1852,0.09
1853,0.94
1854,0.95
1855,0.93
1856,0.09
1857,0.71
1858,0.37
1859,0.03
1860,0.29
1861,0.17
1862,0.15
1863,0.03
1864,0.02
1865,0.03
1866,0.013163703
1867,0.99
1868,0.06
1869,0.87
1870,0.45
1871,0.06
1872,0.18
1873,0.95
1874,0.02
1875,0.93
1876,0.12
1877,0.05
1878,0.97
1879,0.02
1880,0.18
1881,0.69
1882,0.92
1883,0.15
1884,0.83
1885,0.03
1886,0.08
1887,0.03
1888,0.01
1889,0.81
1890,0.123333333
1891,0.15
1892,0.86
1893,0.14
1894,0.5
1895,0.04
1896,0.94
1897,0.82
1898,0.13
1899,0.51
1900,0.43
1901,0.04
1902,0.94
1903,0.87
1904,0.34
1905,0.93
1906,0.01
1907,0.24
1908,0.27
1909,0.16
1910,0.79
1911,0.03
1912,0.85
1913,0.77
1914,0.93
1915,0.53
1916,0.11
1917,0.09
1918,0.11
1919,0.116345486
1920,0.09
1921,0.96
1922,0.01
1923,0.81
1924,0.86
1925,0.92
1926,0.49
1927,0.49
1928,0.03
1929,0.72
1930,0.04
1931,0.09
1932,0.85
1933,0.19
1934,0.89
1935,0.8
1936,0.96
1937,0.34
1938,0.36
1939,0.98
1940,0.03
1941,0.9
1942,0.88
1943,0.29
1944,0.84
1945,0.06
1946,0.86
1947,0.02
1948,0.05
1949,0.07
1950,0.1
1951,0.14
1952,0.89
1953,0.16
1954,0.96
1955,0.97
1956,0.82
1957,0.95
1958,0.123
1959,1
1960,0.15
1961,0.02
1962,0.8
1963,0.98
1964,0.87
1965,0.82
1966,0.96
1967,0.92
1968,0.98
1969,0.06
1970,0.05
1971,0.1
1972,0
1973,0.54
1974,0.04
1975,0.93
1976,0.17
1977,0.05
1978,0.08
1979,0.06
1980,0.72
1981,0.36
1982,0.8
1983,0.34
1984,0.31
1985,0.86
1986,0.04
1987,0.04
1988,0.09
1989,0.41
1990,0.81
1991,0.01
1992,0.06
1993,0.88
1994,0.75
1995,0.89
1996,0.02
1997,0.86
1998,0.81
1999,0.16
2000,0.85
2001,0.62
2002,0.03
2003,0.02
2004,0.11
2005,0.4
2006,0.66
2007,0.3
2008,0.19
2009,1
2010,0.8
2011,0.68
2012,0.78
2013,0.6
2014,0.95
2015,0.05
2016,0.84
2017,0.89
2018,0.86
2019,0.97
2020,0.98
2021,1
2022,0.65
2023,0.01
2024,0.03
2025,0
2026,0.36
2027,0.88
2028,0.17
2029,0.94
2030,0.01
2031,0.65
2032,0.47
2033,0.17
2034,0.09
2035,0.88
2036,0.91
2037,0.17
2038,0.4
2039,0.09
2040,0.74
2041,0.39
2042,0.53
2043,0.06
2044,0.91
2045,0.85
2046,0.96
2047,0.67
2048,0.61
2049,0.89
2050,0.08
2051,0.79
2052,0.98
2053,0.86
2054,0.42
2055,0.67
2056,0.15
2057,0.15
2058,0.19
2059,0.26
2060,0.37
2061,0.84
2062,0.89
2063,0.87
2064,0.7
2065,0.6
2066,0.89
2067,0.06
2068,0.56
2069,0.63
2070,0.97
2071,0.1
2072,0.25
2073,0.23
2074,0.05
2075,0.69
2076,0.36
2077,0.02
2078,0.01
2079,0.93
2080,0.56
2081,0.96
2082,0.29
2083,0.44
2084,0.99
2085,0.96
2086,0.99
2087,0.37
2088,0.91
2089,0.09
2090,0.13
2091,0.76
2092,0.79
2093,0.18
2094,0.88
2095,0
2096,0.87
2097,0.95
2098,0.07
2099,0.36
2100,0.22
2101,0.01
2102,0.11
2103,0.05
2104,0.14
2105,0.94
2106,0.2
2107,0.61
2108,0.18
2109,0.09
2110,0.88
2111,0.06
2112,0.03
2113,0.2
2114,0.2
2115,0.17
2116,0.565
2117,0.9
2118,0.09
2119,0.5
2120,0.68
2121,0.87
2122,0.2
2123,0.64
2124,0.71
2125,0.07
2126,0.98
2127,0.41
2128,0.01
2129,0.73
2130,0.15
2131,0.21
2132,0.36
2133,0.07
2134,0.84
2135,0.8
2136,0.71
2137,0.03
2138,0.1
2139,0
2140,0.58
2141,0.05
2142,0.02
2143,0.96
2144,0.92
2145,0.14
2146,0.27
2147,0.07
2148,0.09
2149,0.97
2150,0.39
2151,0.8
2152,0.87
2153,0.02
2154,0.84
2155,0.97
2156,0.02
2157,0.85
2158,0.62
2159,0.05
2160,0.88
2161,0.02
2162,0.91
2163,0.94
2164,0.03
2165,0.21
2166,0
2167,0.05
2168,0.75
2169,0.84
2170,0.33
2171,0.16
2172,0.47
2173,0.05
2174,0.43
2175,0.88
2176,0.86
2177,0.94
2178,0.16
2179,0.02
2180,0.99
2181,0.91
2182,0.96
2183,0.18
2184,0.63
2185,0.88
2186,0.07
2187,0.88
2188,0.38
2189,0.98
2190,0.01
2191,0.96
2192,0.9
2193,0.06
2194,0.06
2195,0.02
2196,0.08
2197,0.99
2198,0.91
2199,0.81
2200,0.99
2201,0.88
2202,0.01
2203,0.06
2204,0.9
2205,0.58
2206,0.26
2207,0.05
2208,0.03
2209,0.03
2210,0.96
2211,0.81
2212,0.93
2213,0.26
2214,0.78
2215,0.14
2216,0.85
2217,0.36
2218,0.95
2219,0.12
2220,0.09
2221,0.96
2222,0.29
2223,0.01
2224,0.99
2225,0.83
2226,0.49
2227,0.76
2228,0.05
2229,0.47
2230,0.87
2231,0.04
2232,0
2233,0.04
2234,0.81
2235,0
2236,0.66
2237,0.84
2238,0.06
2239,0
2240,0.03
2241,0.92
2242,0.12
2243,0.92
2244,0.97
2245,0.03
2246,0.02
2247,0.63
2248,0.85
2249,0.48
2250,0.03
2251,0.66
2252,0.93
2253,0.07
2254,0.23
2255,0.69
2256,0.31
2257,0.14
2258,0.02
2259,0.15
2260,0.23
2261,0.89
2262,0.85
2263,0.92
2264,0.07
2265,0.43
2266,0.02
2267,0.35
2268,0.72
2269,0.04
2270,0.09
2271,0.89
2272,0.87
2273,0.92
2274,0.04
2275,0.2
2276,0.99
2277,0.04
2278,0.18
2279,0.69
2280,0.74
2281,0.84
2282,0.69
2283,0.81
2284,0.1
2285,0.94
2286,0.88
2287,0.87
2288,0.13
2289,0.96
2290,0.88
2291,0.12
2292,0.73
2293,0.89
2294,0.72
2295,0.99
2296,0.16
2297,0.03
2298,0.06
2299,0.97
2300,0.09
2301,0.02
2302,0.359166667
2303,0.99
2304,0.02
2305,0.87
2306,0.03
2307,0.99
2308,0.35
2309,0.07
2310,0.79
2311,0.8
2312,0.71
2313,0.03
2314,0.98
2315,0.49
2316,0.02
2317,0.13
2318,0.95
2319,0.91
2320,0.97
2321,0.83
2322,0.04
2323,0.02
2324,0.06
2325,0.92
2326,0.07
2327,0.08
2328,0.15
2329,0.92
2330,0.04
2331,0.86
2332,0.93
2333,0.2
2334,0.84
2335,0.88
2336,0.94
2337,0.22
2338,0.67
2339,0.01
2340,0.99
2341,0.89
2342,0.33
2343,0.08
2344,0.29
2345,0.36
2346,0.96
2347,0.17
2348,0.18
2349,0.26
2350,0.81
2351,0.92
2352,0.54
2353,0.16
2354,1
2355,0.96
2356,0.72
2357,0.78
2358,0.79
2359,0.97
2360,0.38
2361,0.46
2362,0.77
2363,0.94
2364,0.57
2365,0.97
2366,0.75
2367,0.91
2368,0.47
2369,1
2370,0.09
2371,0.05
2372,0.39
2373,0.05
2374,0.89
2375,0.23
2376,0.01
2377,0.11
2378,0.12
2379,0.93
2380,0.01
2381,0.07
2382,0.76
2383,0.02
2384,0.24
2385,0.52
2386,0.74
2387,1
2388,0.13
2389,0.91
2390,0.72
2391,0.43
2392,1
2393,0.98
2394,0.91
2395,0.37
2396,0.73
2397,0.27
2398,0.25
2399,0.95
2400,0.05
2401,0.98
2402,0
2403,0.35
2404,0.23
2405,0.99
2406,0.43
2407,0.7
2408,0.05
2409,0.43
2410,0.06
2411,0.86
2412,0.08
2413,0.09
2414,0.02
2415,0.9
2416,0.12
2417,0.98
2418,0.18
2419,0.05
2420,0.57
2421,0
2422,0.07
2423,0.91
2424,0.91
2425,0.92
2426,0.9
2427,0.81
2428,0.24
2429,0.97
2430,0.02
2431,0.5
2432,0.9
2433,0
2434,0.81
2435,0.01
2436,0.05
2437,0.9
2438,0.01
2439,0.47
2440,0.82
2441,0.25
2442,0.76
2443,0.15
2444,0
2445,0.83
2446,0.95
2447,0.92
2448,0.98
2449,0.99
2450,0.88
2451,0.93
2452,0.01
2453,0.93
2454,0.94
2455,0.46
2456,0.21
2457,0.07
2458,0.03
2459,0.97
2460,0
2461,0.07
2462,0.04
2463,0.31
2464,0.95
2465,0.33
2466,0.03
2467,0.03
2468,0.9
2469,0.06
2470,0.88
2471,0.89
2472,0.9
2473,0.98
2474,0.9
2475,0.93
2476,0.07
2477,0.05
2478,0.04
2479,0.116345486
2480,0.99
2481,0.07
2482,0.09
2483,0.03
2484,0.8
2485,0.04
2486,0.54
2487,0.02
2488,0.84
2489,0.77
2490,0.04
2491,0.01
2492,0.38
2493,0.87
2494,0.34
2495,0.91
2496,1
2497,0.79
2498,0.08
2499,0.97
2500,0.91
2501,0.59
2502,0.18
2503,0.9
2504,0.21
2505,0.18
2506,0.07
2507,0.16
2508,0.5
2509,0.123333333
2510,0.03
2511,0.92
2512,0.98
2513,0.1
2514,0.04
2515,0.92
2516,0.85
2517,0.94
2518,0.08
2519,0.85
2520,0.02
2521,0
2522,0.07
2523,0.86
2524,0.94
2525,0.02
2526,0
2527,0.08
2528,0.7
2529,0
2530,0.03
2531,0.9
2532,0.01
2533,0.08
2534,0.48
2535,0.02
2536,0.77
2537,0.12
2538,0.6
2539,0.26
2540,0.07
2541,0.83
2542,0.92
2543,0.92
2544,0.82
2545,0.69
2546,0.03
2547,0.02
2548,0.08
2549,0.31
2550,0.14
2551,0.09
2552,0.03
2553,0.97
2554,0.83
2555,0.79
2556,0.95
2557,0.03
2558,0.06
2559,0.15
2560,0.27
2561,0.81
2562,0.21
2563,0.82
2564,0.98
2565,0.312
2566,0.84
2567,0.14
2568,0.19
2569,0.96
2570,0.03
2571,0.62
2572,0.68
2573,0.82
2574,0.9
2575,0.03
2576,0.29
2577,0.96
2578,0.76
2579,0.09
2580,0.87
2581,0.25
2582,0.49
2583,0.17
2584,0.98
2585,0.07
2586,0.05
2587,0.02
2588,0.25
2589,0.96
2590,0.01
2591,0.89
2592,0.82
2593,0.98
2594,0.04
2595,0.405
2596,0.64
2597,0.62
2598,0.84
2599,0.01
2600,0.97
2601,0.116345486
2602,0.24
2603,0.05
2604,0.2
2605,0.12
2606,0.116345486
2607,0.96
2608,0.18
2609,0.02
2610,0.05
2611,0
2612,0.93
2613,0.07
2614,0.98
2615,0.78
2616,0.17
2617,0.67
2618,0.73
2619,0.92
2620,0.81
2621,0.01
2622,0.16
2623,0.97
2624,0.99
2625,0.15
2626,0.99
2627,0.08
2628,0.94
2629,0.18
2630,0.09
2631,0
2632,0.21
2633,0.7
2634,0.15
2635,0.01
2636,0.98
2637,0.02
2638,0.82
2639,0.01
2640,0.58
2641,0.24
2642,0.12
2643,0.55
2644,0.06
2645,0.01
2646,0.15
2647,0.22
2648,0.05
2649,0.4
2650,0.97
2651,0.82
2652,0
2653,0.51
2654,0.06
2655,0.86
2656,0.8
2657,0.02
2658,0.04
2659,0.04
2660,1
2661,0.7
2662,0.02
2663,0.85
2664,0.91
2665,0.18
2666,0.85
2667,0.1
2668,0.35
2669,0.42
2670,0.06
2671,0.56
2672,0.08
2673,0.98
2674,0.34
2675,0.07
2676,0.93
2677,0.68
2678,0.05
2679,0.02
2680,0.98
2681,0.93
2682,0.03
2683,0.04
2684,0.81
2685,0.97
2686,0.76
2687,0.04
2688,0.23
2689,0.5675
2690,0.76
2691,0.94
2692,0.63
2693,0.02
2694,0.11
2695,0.92
2696,0.44
2697,0
2698,0.02
2699,0.88
2700,0.04
2701,0.01
2702,0.02
2703,0.26
2704,0.81
2705,0.01
2706,0
2707,0.95
2708,0.7
2709,0.03
2710,0.94
2711,0.07
2712,0.05
2713,0.92
2714,0.92
2715,0.99
2716,0.09
2717,0.13
2718,0.87
2719,0.24
2720,0.86
2721,0.74
2722,0.07
2723,0.9
2724,0.06
2725,0.09
2726,0.96
2727,0.09
2728,0.72
2729,0.97
2730,0.06
2731,0.89
2732,0.7
2733,0.07
2734,0.92
2735,0.8
2736,0.26
2737,0.06
2738,0.84
2739,0.25
2740,0.02
2741,0.06
2742,0.01
2743,0.07
2744,0.93
2745,0.96
2746,0.31
2747,0.99
2748,0.02
2749,0.2
2750,0.02
2751,0.521
2752,0.1
2753,0.94
2754,0.47
2755,0.05
2756,0.35
2757,0.32
2758,0.02
2759,0.99
2760,0.8
2761,0.12
2762,0.47
2763,0.99
2764,0.81
2765,0.08
2766,0.59
2767,0.89
2768,0.01
2769,0.74
2770,0.01
2771,0.54
2772,0.89
2773,0.87
2774,0.04
2775,0.82
2776,0.96
2777,0.97
2778,0.92
2779,0
2780,0.85
2781,0.06
2782,0.92
2783,0.11
2784,0.76
2785,0.13
2786,0.07
2787,0.05
2788,0.08
2789,0.08
2790,0.03
2791,0.06
2792,0.95
2793,0.16
2794,0.24
2795,0.97
2796,0.04
2797,0.08
2798,0.73
2799,0.19
2800,0.59
2801,0.92
2802,0.86
2803,0.89
2804,0.02
2805,0.06
2806,0.06
2807,0.93
2808,0.01
2809,0.74
2810,0.94
2811,0.52
2812,0.57
2813,0.91
2814,1
2815,0.57
2816,0.17
2817,0.92
2818,0.07
2819,0.5
2820,0.05
2821,0.9
2822,0.88
2823,0.0675
2824,0.84
2825,0.49
2826,0.78
2827,0.04
2828,0.98
2829,0.01
2830,0.76
2831,0.14
2832,0.98
2833,0
2834,0.71
2835,0.1
2836,0.91
2837,0.02
2838,0.03
2839,0.89
2840,0.27
2841,0.96
2842,0.61
2843,0.01
2844,0.82
2845,0.09
2846,0.27
2847,0.37
2848,0.09
2849,0.63
2850,0.9
2851,0.85
2852,0.99
2853,0.67
2854,0.8
2855,0.05
2856,0.2
2857,0.91
2858,0.17
2859,0.35
2860,0.06
2861,0.86
2862,0.53
2863,0.11
2864,0.75
2865,0
2866,0.83
2867,0.09
2868,0.17
2869,0.06
2870,0.04
2871,0.07
2872,0.98
2873,0.03
2874,0.27
2875,0.92
2876,0.82
2877,0.9
2878,0.57
2879,0.89
2880,0.02
2881,0.73
2882,0.96
2883,0.16
2884,0.03
2885,0.92
2886,0.12
2887,0.64
2888,0.88
2889,0.83
2890,0.98
2891,0.07
2892,0.26
2893,0.79
2894,0.02
2895,0.38
2896,0.64
2897,0.14
2898,0.14
2899,0.03
2900,0.83
2901,0.78
2902,0.07
2903,0.02
2904,0.04
2905,0.55
2906,0.65
2907,0.82
2908,0.06
2909,0.02
2910,0.76
2911,0.47
2912,0.13
2913,0.92
2914,0.97
2915,0.5
2916,1
2917,0.17
2918,0.31
2919,0.96
2920,0.03
2921,0.01
2922,0.03
2923,0.67
2924,0.33
2925,0.07
2926,0.91
2927,0.18
2928,0.01
2929,0.87
2930,0.96
2931,0.16
2932,0.66
2933,0.02
2934,1
2935,0.06
2936,0.08
2937,0.16
2938,0.15
2939,0.92
2940,0.12
2941,0.393333333
2942,0.01
2943,0.12
2944,0.255
2945,0.96
2946,0.12
2947,0.91
2948,0.87
2949,0.95
2950,0.03
2951,0.08
2952,0.26
2953,0.07
2954,0.17
2955,0.32
2956,0.11
2957,0.94
2958,0.59
2959,0.87
2960,1
2961,0.04
2962,0.86
2963,0.95
2964,0.02
2965,0.68
2966,0.25
2967,0.32
2968,0.95
2969,0.24
2970,0.06
2971,0.14
2972,0.9
2973,0
2974,0.29
2975,0.01
2976,0.15
2977,0.19
2978,0.08
2979,0.01
2980,0.9
2981,0.05
2982,0.01
2983,0.75
2984,0.14
2985,0.22
2986,0.52
2987,0.12
2988,0.02
2989,0.02
2990,0.87
2991,0.18
2992,0.22
2993,0.02
2994,0.99
2995,0.07
2996,0.35
2997,0.08
2998,0.04
2999,0.116345486
3000,0.18
3001,0.14
3002,0.02
3003,0.81
3004,0.04
3005,0.53
3006,0.66
3007,0.116345486
3008,0.04
3009,0.08
3010,0.23
3011,0
3012,0.67
3013,0.21
3014,0.4
3015,0.15
3016,0.04
3017,0.77
3018,0.88
3019,0.32
3020,0.08
3021,1
3022,0.28
3023,0.12
3024,0.08
3025,0.27
3026,0.41
3027,0.1
3028,0.15
3029,0.09
3030,0.06
3031,0.96
3032,0.04
3033,0.36
3034,1
3035,0.81
3036,0.92
3037,0.95
3038,0.63
3039,0
3040,0.02
3041,0.93
3042,0.84
3043,0.01
3044,0.29
3045,0.06
3046,0.98
3047,0.6
3048,0.09
3049,0.93
3050,0.86
3051,0.94
3052,0.01
3053,0.05
3054,0.1
3055,0.5
3056,0.03
3057,0.25
3058,0.01
3059,0.81
3060,0.95
3061,0.86
3062,0.03
3063,0.73
3064,0.773333333
3065,0.94
3066,0.25
3067,0.41
3068,0.83
3069,0.04
3070,0.44
3071,1
3072,0.2
3073,0.84
3074,0
3075,0.21
3076,0.11
3077,0.01
3078,0.94
3079,0
3080,0.9
3081,0.61
3082,0.95
3083,0.49
3084,0.93
3085,0.96
3086,0.91
3087,0.85
3088,0.24
3089,0.03
3090,0.01
3091,0.98
3092,0.83
3093,0.84
3094,0.01
3095,0.01
3096,0.09
3097,0.23
3098,0.05
3099,0.65
3100,0.03
3101,0.96
3102,0.84
3103,0.36
3104,0.04
3105,0.84
3106,0.85
3107,0.65
3108,0.86
3109,0.91
3110,1
3111,0.96
3112,0.07
3113,0.78
3114,0.88
3115,0.3
3116,0.88
3117,0.02
3118,0.48
3119,0.78
3120,0.04
3121,0.01
3122,0.03
3123,0.91
3124,0.97
3125,0.98
3126,0.18
3127,0.01
3128,0.23
3129,0.16
3130,0.48
3131,0.75
3132,0.14
3133,0
3134,0.03
3135,0.06
3136,0.54
3137,0.14
3138,0.07
3139,0.14
3140,0.21
3141,0.1
3142,0.21
3143,0.64
3144,0.79
3145,0.03
3146,0.03
3147,0.07
3148,0.18
3149,0.73
3150,0.31
3151,0.49
3152,0.02
3153,0.04
3154,0.91
3155,0.05
3156,0.36
3157,0.01
3158,0.02
3159,0.26
3160,0.18
3161,0.58
3162,0.04
3163,0.01
3164,0.12
3165,0.94
3166,0.18
3167,0.41
3168,0.17
3169,0.03
3170,0.09
3171,0.18
3172,0.86
3173,0.02
3174,0.02
3175,0.19
3176,0.8
3177,0.35
3178,0.57
3179,0.09
3180,0.79
3181,0.07
3182,0.113333333
3183,0.11
3184,0.06
3185,0
3186,0.02
3187,0.21
3188,0.05
3189,0.01
3190,0.78
3191,0.08
3192,0.79
3193,0.1
3194,0.47
3195,0.91
3196,0.24
3197,0.51
3198,0.02
3199,0.02
3200,0.07
3201,0.05
3202,0.67
3203,0.87
3204,0.53
3205,0.3
3206,0.8
3207,0.87
3208,0.02
3209,0.75
3210,0.99
3211,0.68
3212,0.07
3213,0.78
3214,0.36
3215,0.29
3216,0.15
3217,0.375833333
3218,0.89
3219,0.95
3220,0.86
3221,0.11
3222,0.11
3223,0.06
3224,0.94
3225,0.63
3226,0.97
3227,0.12
3228,0.93
3229,0.16
3230,0.27
3231,0.75
3232,1
3233,0.12
3234,0.01
3235,0.14
3236,0.51
3237,0.16
3238,0.28
3239,0.43
3240,0.84
3241,0.08
3242,0.88
3243,0.86
3244,0.04
3245,0.75
3246,0.04
3247,0.1
3248,0.87
3249,0.72
3250,0.04
3251,0.94
3252,0.01
3253,0.04
3254,0.99
3255,1
3256,0.02
3257,0
3258,0.13
3259,0.96
3260,0.77
3261,0.14
3262,0.04
3263,0.7
3264,0.93
3265,0.14
3266,0.91
3267,0.32
3268,0.93
3269,0.78
3270,0.54
3271,0.13
3272,0.06
3273,0.04
3274,0.37
3275,0.11
3276,0.75
3277,0.18
3278,0.14
3279,0.21
3280,0.04
3281,0.94
3282,0.93
3283,0.79
3284,0.02
3285,0.56
3286,0.94
3287,0.67
3288,0.02
3289,0.01
3290,0.98
3291,1
3292,0.06
3293,0.28
3294,0.78
3295,0.41
3296,0.83
3297,0.03
3298,0.86
3299,0.2
3300,0.87
3301,0.87
3302,0.84
3303,0.5
3304,0.19
3305,0.89
3306,0.95
3307,0.89
3308,0.99
3309,0.92
3310,0.13
3311,0.07
3312,0.06
3313,0.25
3314,0.31
3315,0.99
3316,0.54
3317,0.15
3318,0.08
3319,0.04
3320,0.04
3321,0.62
3322,0.2
3323,0.04
3324,0.24
3325,0
3326,0.92
3327,1
3328,0.05
3329,0.116345486
3330,0.01
3331,0.92
3332,0.04
3333,0.04
3334,0.92
3335,0.34
3336,0.9
3337,0.85
3338,0.77
3339,0.08
3340,0.95
3341,0.81
3342,0.51
3343,0.93
3344,0.04
3345,0.24
3346,0.68
3347,0.82
3348,0.91
3349,0.84
3350,0.99
3351,0.2
3352,0.04
3353,0.02
3354,0.9
3355,0.502
3356,0.09
3357,0.1
3358,0.17
3359,0.11
3360,0.89
3361,0.04
3362,0.07
3363,0.1
3364,0.15
3365,0.95
3366,0.2
3367,0.74
3368,0.93
3369,0.95
3370,0.78
3371,0.72
3372,0.02
3373,0.51
3374,0.69
3375,0.84
3376,0.18
3377,0.13
3378,0.01
3379,0.42
3380,0.02
3381,0.85
3382,0.41
3383,0.74
3384,0.67
3385,0.98
3386,0
3387,0.04
3388,0.64
3389,0.72
3390,0.03
3391,0.62
3392,0.8
3393,0.91
3394,0.91
3395,0.71
3396,0.05
3397,0.94
3398,0.16
3399,0.96
3400,0.86
3401,0.89
3402,0.81
3403,0.44
3404,0.22
3405,0.81
3406,0.05
3407,0.45
3408,0.86
3409,0.08
3410,0.01
3411,0.75
3412,0.97
3413,0.96
3414,0.15
3415,0.95
3416,0.74
3417,0.51
3418,0.63
3419,0.01
3420,0.98
3421,0.04
3422,0.11
3423,0.9
3424,0.08
3425,0.22
3426,0.62
3427,0.08
3428,0
3429,0.15
3430,0.13
3431,0.25
3432,0.71
3433,0.116345486
3434,0.05
3435,0.92
3436,0
3437,0.17
3438,0.19
3439,0.15
3440,0.5
3441,0
3442,0.02
3443,0.05
3444,0.22
3445,0.02
3446,0.48
3447,0.05
3448,0.04
3449,0.116345486
3450,0.98
3451,0.96
3452,0.33
3453,0.89
3454,0.01
3455,0.97
3456,0.25
3457,0.99
3458,0.9
3459,0.44
3460,0.09
3461,0.67
3462,0.116345486
3463,0.61
3464,0.32
3465,0.13
3466,0.96
3467,0.01
3468,0.94
3469,0.54
3470,0.155166667
3471,0.11
3472,0.05
3473,0.18
3474,0.06
3475,0.16
3476,0.97
3477,0.93
3478,0.08
3479,0.98
3480,0.98
3481,0.02
3482,0.99
3483,0.1
3484,0.11
3485,0.09
3486,0.28
3487,0.36
3488,0.62
3489,0.82
3490,0.01
3491,0.06
3492,0.07
3493,0.86
3494,0.06
3495,0.96
3496,0.7
3497,0.37
3498,0.18
3499,0.07
3500,0.02
3501,0.59
3502,0.04
3503,0.83
3504,0.3
3505,0.44
3506,0.78
3507,0.21
3508,0.01
3509,0.98
3510,0.84
3511,0.08
3512,0.04
3513,0.455166667
3514,0.05
3515,0.09
3516,0.74
3517,0.87
3518,0.81
3519,0.22
3520,0.16
3521,0.746666667
3522,0.06
3523,0.23
3524,0.36
3525,0.95
3526,0.67
3527,0.19
3528,0.77
3529,0.12
3530,0.26
3531,0.22
3532,0.07
3533,0.06
3534,0
3535,0.96
3536,0.21
3537,0.01
3538,0.3
3539,0.9
3540,0.22
3541,0.06
3542,0.1
3543,0.01
3544,0.03
3545,0
3546,0.11
3547,0.07
3548,0
3549,0.7
3550,0.87
3551,0.3
3552,0.6
3553,0.1
3554,0.01
3555,0.42
3556,0.95
3557,0.07
3558,0.9
3559,0.31
3560,0.52
3561,0.82
3562,0.15
3563,0.54
3564,0.84
3565,0.92
3566,0.8
3567,0.99
3568,0.12
3569,0.98
3570,0.84
3571,0.06
3572,0.93
3573,0.84
3574,0.59
3575,0.81
3576,0.01
3577,0.02
3578,0.93
3579,0.34
3580,0.95
3581,0.97
3582,0.99
3583,0.59
3584,0.17
3585,0.06
3586,0.9
3587,0.92
3588,0.92
3589,0.4
3590,0.75
3591,0.28
3592,0.13
3593,0.05
3594,0.68
3595,0.452
3596,0.97
3597,0.53
3598,0.11
3599,0.1
3600,0.245
3601,1
3602,0.06
3603,0.9
3604,0.43
3605,0.14
3606,0.000491803
3607,0.49
3608,0.18
3609,0.01
3610,0.03
3611,0.6
3612,0.83
3613,0.95
3614,0.86
3615,0.07
3616,0.03
3617,0.73
3618,0.23
3619,0.48
3620,0.07
3621,0.09
3622,0.87
3623,0.09
3624,0.11
3625,0.18
3626,0.03
3627,0.06
3628,1
3629,0.11
3630,0.97
3631,0.24
3632,0.97
3633,0.25
3634,0.46
3635,1
3636,0.05
3637,0.81
3638,0.2
3639,0.16
3640,0.92
3641,0.81
3642,0.92
3643,0.14
3644,0.77
3645,0.33
3646,0.06
3647,0.1
3648,0.42
3649,0.09
3650,1
3651,0.17
3652,0.55
3653,0.82
3654,0.02
3655,0.35
3656,0.98
3657,0.52
3658,0.12
3659,0.49
3660,0.03
3661,0.27
3662,0.89
3663,0.013163703
3664,0.37
3665,0.1
3666,0.89
3667,0.001765088
3668,0.07
3669,0.18
3670,0.64
3671,0.77
3672,0.34
3673,0.99
3674,0.19
3675,0.116345486
3676,0.13
3677,0.88
3678,0.55
3679,0.04
3680,0.19
3681,0.05
3682,0.73
3683,0.27
3684,0.01
3685,0.27
3686,0.06
3687,0.52
3688,0.17
3689,0.18
3690,0.92
3691,0.24
3692,0.7
3693,0
3694,0.09
3695,0.13
3696,0.116345486
3697,0.86
3698,0.05
3699,0.06
3700,0.17
3701,0.24
3702,0.116345486
3703,0.88
3704,0.23
3705,0.25
3706,0.08
3707,0.11
3708,0.07
3709,0.116345486
3710,0.05
3711,0.94
3712,0.49
3713,0.09
3714,0.06
3715,0.14
3716,0.16
3717,0.92
3718,0.09
3719,0.01
3720,0.59
3721,0.111111111
3722,0.28
3723,0.35
3724,0.88
3725,0.08
3726,0.89
3727,0.04
3728,0.92
3729,0.93
3730,0.04
3731,0.02
3732,0.03
3733,0.04
3734,0.97
3735,0.1
3736,0.21
3737,0.92
3738,0.14
3739,0.79
3740,0.16
3741,0.04
3742,0.06
3743,0.02
3744,0.87
3745,0.39
3746,0.12
3747,0.05
3748,0.17
3749,0.25
3750,0.09
3751,0.13
3752,0.96
3753,0.116345486
3754,0.02
3755,0.89
3756,0.95
3757,0.01
3758,0.25
3759,0.75
3760,0.38
3761,0.97
3762,0.53
3763,0.98
3764,0.2
3765,0.96
3766,0.96
3767,0
3768,0.57
3769,0.2
3770,0.38
3771,0.116345486
3772,0.1
3773,0.28
3774,0.2
3775,0.91
3776,0.71
3777,0.19
3778,0.82
3779,0.72
3780,0.78
3781,0.02
3782,0.05
3783,0.12
3784,0
3785,0.09
3786,0.78
3787,0.04
3788,0.86
3789,0.04
3790,0.11
3791,0.7
3792,0.21
3793,0.35
3794,0.04
3795,0.03
3796,0.14
3797,0.91
3798,0.11
3799,0.4
3800,0.27
3801,0.61
3802,0.88
3803,0.92
3804,0.64
3805,0.95
3806,0.01
3807,0.08
3808,0.04
3809,0.26
3810,0.03
3811,0.1
3812,0.2
3813,0.54
3814,0.01
3815,0.12
3816,0.35
3817,0.56
3818,0.08
3819,0.08
3820,0.48
3821,0.98
3822,0.3
3823,0.96
3824,0.97
3825,0.02
3826,0.87
3827,0.49
3828,0.16
3829,0.07
3830,0.15
3831,0.95
3832,0.09
3833,0.03
3834,0.99
3835,0.03
3836,0
3837,0.356666667
3838,0.44
3839,0.23
3840,0.47
3841,0.14
3842,0.14
3843,0.09
3844,0.98
3845,0.49
3846,0.2075
3847,0.07
3848,0.05
3849,0.96
3850,0.23
3851,0.56
3852,0.52
3853,0.01
3854,0.05
3855,0.27
3856,0.15
3857,0.02
3858,0.14
3859,0.7
3860,0.87
3861,0.94
3862,0.95
3863,0.07
3864,0.88
3865,0.7
3866,0.05
3867,0.9
3868,0.05
3869,0.91
3870,0.04
3871,0.51
